USE campusaurus;

-- 50+ USERS
INSERT IGNORE INTO users (id, username, email, password_hash, age, gender, dept, year_level) VALUES ('11111111-1111-1111-1111-111111111111', 'student1', 'student1@example.com', 'hashed_pw_1', 18, 'M', 'CCS', '1st Year');
INSERT IGNORE INTO users (id, username, email, password_hash, age, gender, dept, year_level) VALUES ('33333333-3333-3333-3333-333333333333', 'admin', 'admin@example.com', 'hashed_pw_3', 30, 'N/A', 'ADMIN', 'N/A');
INSERT IGNORE INTO users (id, username, email, password_hash, bio, age, gender, dept, year_level) VALUES ('deb1e884-25c8-46b8-bff0-1fc169344b4d', 'Renz472', 'renz472@cspc.edu.ph', 'hashed_pw_123', 'Exploring the digital campus.', 20, 'F', 'CEA', '2nd Year');
INSERT IGNORE INTO users (id, username, email, password_hash, bio, age, gender, dept, year_level) VALUES ('5bd131f8-39e9-4e28-b1d9-02168c3d8dfb', 'Maria447', 'maria447@cspc.edu.ph', 'hashed_pw_123', 'Exploring the digital campus.', 23, 'Prefer not to say', 'CTDE', '2nd Year');
INSERT IGNORE INTO users (id, username, email, password_hash, bio, age, gender, dept, year_level) VALUES ('5b01c1ab-d61d-4984-8774-2535582ee8f5', 'Jose763', 'jose763@cspc.edu.ph', 'hashed_pw_123', 'Exploring the digital campus.', 21, 'Prefer not to say', 'CAS', '2nd Year');
INSERT IGNORE INTO users (id, username, email, password_hash, bio, age, gender, dept, year_level) VALUES ('d433d458-2948-4daa-b414-92b841fdf6b5', 'Luis992', 'luis992@cspc.edu.ph', 'hashed_pw_123', 'Exploring the digital campus.', 24, 'Prefer not to say', 'CTDE', '4th Year');
INSERT IGNORE INTO users (id, username, email, password_hash, bio, age, gender, dept, year_level) VALUES ('bd905d65-4960-4012-9926-e29c9a4c0356', 'Sarah954', 'sarah954@cspc.edu.ph', 'hashed_pw_123', 'Exploring the digital campus.', 24, 'M', 'CEA', '4th Year');
INSERT IGNORE INTO users (id, username, email, password_hash, bio, age, gender, dept, year_level) VALUES ('d3e6e14c-5c7f-43c4-91ce-09c1adf95475', 'Luis774', 'luis774@cspc.edu.ph', 'hashed_pw_123', 'Exploring the digital campus.', 23, 'Prefer not to say', 'CTHBM', '2nd Year');
INSERT IGNORE INTO users (id, username, email, password_hash, bio, age, gender, dept, year_level) VALUES ('20c26c3b-e152-4946-b207-8aadf3e7f3b5', 'Carmen994', 'carmen994@cspc.edu.ph', 'hashed_pw_123', 'Exploring the digital campus.', 23, 'Prefer not to say', 'CAS', '1st Year');
INSERT IGNORE INTO users (id, username, email, password_hash, bio, age, gender, dept, year_level) VALUES ('4b3a0d80-0d95-4498-b6cf-41e2dcad2c1c', 'Diana935', 'diana935@cspc.edu.ph', 'hashed_pw_123', 'Exploring the digital campus.', 23, 'Prefer not to say', 'CTHBM', '2nd Year');
INSERT IGNORE INTO users (id, username, email, password_hash, bio, age, gender, dept, year_level) VALUES ('003181d2-2889-4e95-9d8f-8a1b6b41266e', 'Jose945', 'jose945@cspc.edu.ph', 'hashed_pw_123', 'Exploring the digital campus.', 19, 'Prefer not to say', 'CTDE', '1st Year');
INSERT IGNORE INTO users (id, username, email, password_hash, bio, age, gender, dept, year_level) VALUES ('91977d32-7d09-4bfe-aab6-432635df322b', 'Renz226', 'renz226@cspc.edu.ph', 'hashed_pw_123', 'Exploring the digital campus.', 23, 'F', 'CHS', '3rd Year');
INSERT IGNORE INTO users (id, username, email, password_hash, bio, age, gender, dept, year_level) VALUES ('b3d635b6-bccd-45ce-a9f6-b503ee904e34', 'Carlos619', 'carlos619@cspc.edu.ph', 'hashed_pw_123', 'Exploring the digital campus.', 21, 'F', 'CTHBM', '3rd Year');
INSERT IGNORE INTO users (id, username, email, password_hash, bio, age, gender, dept, year_level) VALUES ('e8043f41-5edc-4168-b71e-070895e33b78', 'Renz436', 'renz436@cspc.edu.ph', 'hashed_pw_123', 'Exploring the digital campus.', 21, 'Prefer not to say', 'CAS', '3rd Year');
INSERT IGNORE INTO users (id, username, email, password_hash, bio, age, gender, dept, year_level) VALUES ('a9a50e80-47c4-4a27-beaa-1679a735ae73', 'Ava172', 'ava172@cspc.edu.ph', 'hashed_pw_123', 'Exploring the digital campus.', 21, 'Prefer not to say', 'CTDE', '4th Year');
INSERT IGNORE INTO users (id, username, email, password_hash, bio, age, gender, dept, year_level) VALUES ('ee4efdd4-80cc-43e6-82b9-dc7902d077d4', 'Diana78', 'diana78@cspc.edu.ph', 'hashed_pw_123', 'Exploring the digital campus.', 20, 'M', 'CTHBM', '2nd Year');
INSERT IGNORE INTO users (id, username, email, password_hash, bio, age, gender, dept, year_level) VALUES ('3bee3908-8941-4575-8d49-613a59a5c5c9', 'Bea707', 'bea707@cspc.edu.ph', 'hashed_pw_123', 'Exploring the digital campus.', 20, 'M', 'CEA', '2nd Year');
INSERT IGNORE INTO users (id, username, email, password_hash, bio, age, gender, dept, year_level) VALUES ('4661ef2b-efe4-4751-bbda-477b8619d50a', 'Paolo453', 'paolo453@cspc.edu.ph', 'hashed_pw_123', 'Exploring the digital campus.', 18, 'Prefer not to say', 'CCS', '3rd Year');
INSERT IGNORE INTO users (id, username, email, password_hash, bio, age, gender, dept, year_level) VALUES ('6bf4beb8-8dfb-4d0b-ae48-15a9cac39a40', 'Chris212', 'chris212@cspc.edu.ph', 'hashed_pw_123', 'Exploring the digital campus.', 20, 'Prefer not to say', 'CTHBM', '3rd Year');
INSERT IGNORE INTO users (id, username, email, password_hash, bio, age, gender, dept, year_level) VALUES ('cd697fff-da04-418f-a9a2-1253b3808c7e', 'Near154', 'near154@cspc.edu.ph', 'hashed_pw_123', 'Exploring the digital campus.', 20, 'M', 'CHS', '4th Year');
INSERT IGNORE INTO users (id, username, email, password_hash, bio, age, gender, dept, year_level) VALUES ('0350cd1e-ef2e-42a2-8d8c-c3cf269abccb', 'Renz938', 'renz938@cspc.edu.ph', 'hashed_pw_123', 'Exploring the digital campus.', 23, 'F', 'CCS', '4th Year');
INSERT IGNORE INTO users (id, username, email, password_hash, bio, age, gender, dept, year_level) VALUES ('bab1a9b4-a50f-4a93-9ad9-dae87e77eddc', 'Juan952', 'juan952@cspc.edu.ph', 'hashed_pw_123', 'Exploring the digital campus.', 24, 'Prefer not to say', 'CTDE', '2nd Year');
INSERT IGNORE INTO users (id, username, email, password_hash, bio, age, gender, dept, year_level) VALUES ('1367e907-ef33-4de7-b1fc-ce54c3ef3804', 'Renz425', 'renz425@cspc.edu.ph', 'hashed_pw_123', 'Exploring the digital campus.', 19, 'M', 'CTDE', '1st Year');
INSERT IGNORE INTO users (id, username, email, password_hash, bio, age, gender, dept, year_level) VALUES ('a09de67e-c5c1-464b-9574-10bca5f50ca7', 'Diana601', 'diana601@cspc.edu.ph', 'hashed_pw_123', 'Exploring the digital campus.', 19, 'M', 'CEA', '3rd Year');
INSERT IGNORE INTO users (id, username, email, password_hash, bio, age, gender, dept, year_level) VALUES ('c485789f-3d1f-49d1-9059-d638761874b0', 'Paolo77', 'paolo77@cspc.edu.ph', 'hashed_pw_123', 'Exploring the digital campus.', 23, 'M', 'CHS', '2nd Year');
INSERT IGNORE INTO users (id, username, email, password_hash, bio, age, gender, dept, year_level) VALUES ('50721040-81e8-4976-93d3-15b5b069492c', 'Ed826', 'ed826@cspc.edu.ph', 'hashed_pw_123', 'Exploring the digital campus.', 24, 'M', 'CHS', '1st Year');
INSERT IGNORE INTO users (id, username, email, password_hash, bio, age, gender, dept, year_level) VALUES ('808a7df8-3ae9-4d24-9677-7a519c46e60c', 'Maria380', 'maria380@cspc.edu.ph', 'hashed_pw_123', 'Exploring the digital campus.', 24, 'Prefer not to say', 'CTHBM', '1st Year');
INSERT IGNORE INTO users (id, username, email, password_hash, bio, age, gender, dept, year_level) VALUES ('10034e90-f8dc-4d71-ae31-207bfabd491d', 'Juan851', 'juan851@cspc.edu.ph', 'hashed_pw_123', 'Exploring the digital campus.', 23, 'F', 'CTHBM', '3rd Year');
INSERT IGNORE INTO users (id, username, email, password_hash, bio, age, gender, dept, year_level) VALUES ('20e72788-4979-4703-906a-472310e7dfea', 'Renz28', 'renz28@cspc.edu.ph', 'hashed_pw_123', 'Exploring the digital campus.', 24, 'F', 'CTHBM', '2nd Year');
INSERT IGNORE INTO users (id, username, email, password_hash, bio, age, gender, dept, year_level) VALUES ('7ee9f6b6-5242-4402-ad19-35de2353c907', 'Bea311', 'bea311@cspc.edu.ph', 'hashed_pw_123', 'Exploring the digital campus.', 22, 'Prefer not to say', 'CAS', '2nd Year');
INSERT IGNORE INTO users (id, username, email, password_hash, bio, age, gender, dept, year_level) VALUES ('94cfd4ad-051d-45e2-add6-9e127ce15966', 'Near410', 'near410@cspc.edu.ph', 'hashed_pw_123', 'Exploring the digital campus.', 22, 'M', 'CHS', '1st Year');
INSERT IGNORE INTO users (id, username, email, password_hash, bio, age, gender, dept, year_level) VALUES ('6566fac3-5316-4f7d-a8dc-da9868447607', 'Diana972', 'diana972@cspc.edu.ph', 'hashed_pw_123', 'Exploring the digital campus.', 20, 'M', 'CCS', '4th Year');
INSERT IGNORE INTO users (id, username, email, password_hash, bio, age, gender, dept, year_level) VALUES ('f33d57e4-c952-4b2c-9cc4-dde86f551410', 'Renz575', 'renz575@cspc.edu.ph', 'hashed_pw_123', 'Exploring the digital campus.', 22, 'Prefer not to say', 'CTDE', '4th Year');
INSERT IGNORE INTO users (id, username, email, password_hash, bio, age, gender, dept, year_level) VALUES ('690e8ffb-70ab-40a1-b07b-7b1f0e713719', 'Luis913', 'luis913@cspc.edu.ph', 'hashed_pw_123', 'Exploring the digital campus.', 24, 'M', 'CEA', '2nd Year');
INSERT IGNORE INTO users (id, username, email, password_hash, bio, age, gender, dept, year_level) VALUES ('3346ea51-1be5-402c-8349-4dbd0bd4117f', 'Juan256', 'juan256@cspc.edu.ph', 'hashed_pw_123', 'Exploring the digital campus.', 21, 'F', 'CHS', '4th Year');
INSERT IGNORE INTO users (id, username, email, password_hash, bio, age, gender, dept, year_level) VALUES ('66adf770-4847-4ac3-b7df-f9ac7a4b912f', 'Luis812', 'luis812@cspc.edu.ph', 'hashed_pw_123', 'Exploring the digital campus.', 24, 'Prefer not to say', 'CTDE', '1st Year');
INSERT IGNORE INTO users (id, username, email, password_hash, bio, age, gender, dept, year_level) VALUES ('cac32dc9-b759-42db-b248-3c22443a559f', 'Miguel951', 'miguel951@cspc.edu.ph', 'hashed_pw_123', 'Exploring the digital campus.', 22, 'Prefer not to say', 'CTDE', '4th Year');
INSERT IGNORE INTO users (id, username, email, password_hash, bio, age, gender, dept, year_level) VALUES ('73b797e6-249b-4286-84c6-2f05fc10b546', 'Bea298', 'bea298@cspc.edu.ph', 'hashed_pw_123', 'Exploring the digital campus.', 20, 'F', 'CTHBM', '2nd Year');
INSERT IGNORE INTO users (id, username, email, password_hash, bio, age, gender, dept, year_level) VALUES ('d6d00fdb-0fb2-4c1c-aad1-4fdc571745a5', 'Diana127', 'diana127@cspc.edu.ph', 'hashed_pw_123', 'Exploring the digital campus.', 21, 'F', 'CTDE', '1st Year');
INSERT IGNORE INTO users (id, username, email, password_hash, bio, age, gender, dept, year_level) VALUES ('41a15790-8b61-404c-87ae-68a1b1fea8dc', 'Juan879', 'juan879@cspc.edu.ph', 'hashed_pw_123', 'Exploring the digital campus.', 20, 'M', 'CCS', '1st Year');
INSERT IGNORE INTO users (id, username, email, password_hash, bio, age, gender, dept, year_level) VALUES ('4e889f9e-ef49-478a-86ad-2c519a2cd729', 'Ava33', 'ava33@cspc.edu.ph', 'hashed_pw_123', 'Exploring the digital campus.', 19, 'F', 'CTDE', '3rd Year');
INSERT IGNORE INTO users (id, username, email, password_hash, bio, age, gender, dept, year_level) VALUES ('406b7a5e-a8ab-40e6-aa9c-8a814fb3724b', 'Sofia764', 'sofia764@cspc.edu.ph', 'hashed_pw_123', 'Exploring the digital campus.', 21, 'Prefer not to say', 'CTHBM', '2nd Year');
INSERT IGNORE INTO users (id, username, email, password_hash, bio, age, gender, dept, year_level) VALUES ('c479c295-d87c-45ef-90f3-3cdef97cc7df', 'Luis313', 'luis313@cspc.edu.ph', 'hashed_pw_123', 'Exploring the digital campus.', 21, 'M', 'CEA', '1st Year');
INSERT IGNORE INTO users (id, username, email, password_hash, bio, age, gender, dept, year_level) VALUES ('3fa79820-d1c1-4f98-92cd-bb1adbb620f1', 'Ava75', 'ava75@cspc.edu.ph', 'hashed_pw_123', 'Exploring the digital campus.', 24, 'F', 'CAS', '4th Year');
INSERT IGNORE INTO users (id, username, email, password_hash, bio, age, gender, dept, year_level) VALUES ('978379b4-ec92-40a1-8e7c-a166de115b09', 'Miguel81', 'miguel81@cspc.edu.ph', 'hashed_pw_123', 'Exploring the digital campus.', 20, 'Prefer not to say', 'CTDE', '1st Year');
INSERT IGNORE INTO users (id, username, email, password_hash, bio, age, gender, dept, year_level) VALUES ('fbdc350d-064f-4c13-940c-6d68fd47d80c', 'Diana158', 'diana158@cspc.edu.ph', 'hashed_pw_123', 'Exploring the digital campus.', 20, 'Prefer not to say', 'CEA', '4th Year');
INSERT IGNORE INTO users (id, username, email, password_hash, bio, age, gender, dept, year_level) VALUES ('db4d7571-cd16-4c41-b7ec-ccf2f5870cae', 'Paolo25', 'paolo25@cspc.edu.ph', 'hashed_pw_123', 'Exploring the digital campus.', 21, 'M', 'CAS', '3rd Year');
INSERT IGNORE INTO users (id, username, email, password_hash, bio, age, gender, dept, year_level) VALUES ('2cbf8a9c-d48b-4eb2-91e0-4e64adf0a46b', 'Jose901', 'jose901@cspc.edu.ph', 'hashed_pw_123', 'Exploring the digital campus.', 20, 'F', 'CTHBM', '2nd Year');
INSERT IGNORE INTO users (id, username, email, password_hash, bio, age, gender, dept, year_level) VALUES ('199fff92-da95-49b0-bb3b-22c88f847ec6', 'Luis348', 'luis348@cspc.edu.ph', 'hashed_pw_123', 'Exploring the digital campus.', 18, 'Prefer not to say', 'CCS', '4th Year');
INSERT IGNORE INTO users (id, username, email, password_hash, bio, age, gender, dept, year_level) VALUES ('e38cbf99-7064-4e70-856f-9b2bdbd70837', 'Chris867', 'chris867@cspc.edu.ph', 'hashed_pw_123', 'Exploring the digital campus.', 18, 'Prefer not to say', 'CCS', '2nd Year');
INSERT IGNORE INTO users (id, username, email, password_hash, bio, age, gender, dept, year_level) VALUES ('ba9bfb27-6d6e-480d-83e5-a8bec6007247', 'Sarah394', 'sarah394@cspc.edu.ph', 'hashed_pw_123', 'Exploring the digital campus.', 23, 'F', 'CAS', '4th Year');
INSERT IGNORE INTO users (id, username, email, password_hash, bio, age, gender, dept, year_level) VALUES ('3453125d-38ad-48b4-ba30-2e9d8ed6aba1', 'Bea421', 'bea421@cspc.edu.ph', 'hashed_pw_123', 'Exploring the digital campus.', 22, 'Prefer not to say', 'CCS', '2nd Year');
INSERT IGNORE INTO users (id, username, email, password_hash, bio, age, gender, dept, year_level) VALUES ('5d6cfb44-842f-443f-ad9c-80cb8fc444a4', 'Miguel53', 'miguel53@cspc.edu.ph', 'hashed_pw_123', 'Exploring the digital campus.', 22, 'F', 'CEA', '1st Year');
INSERT IGNORE INTO users (id, username, email, password_hash, bio, age, gender, dept, year_level) VALUES ('e05c9219-bff4-45a3-a3ce-049335bc8b32', 'Ed153', 'ed153@cspc.edu.ph', 'hashed_pw_123', 'Exploring the digital campus.', 20, 'F', 'CCS', '3rd Year');
INSERT IGNORE INTO users (id, username, email, password_hash, bio, age, gender, dept, year_level) VALUES ('e6f37759-7ee6-4120-8e46-5640252ad8d7', 'Maria530', 'maria530@cspc.edu.ph', 'hashed_pw_123', 'Exploring the digital campus.', 18, 'M', 'CHS', '4th Year');

-- 50+ ADMINS
INSERT IGNORE INTO admins (email) VALUES ('kurtaquino49@gmail.com');
INSERT IGNORE INTO admins (email) VALUES ('student1@example.com');
INSERT IGNORE INTO admins (email) VALUES ('admin@example.com');
INSERT IGNORE INTO admins (email) VALUES ('kurtaquino49@gmail.com');
INSERT IGNORE INTO admins (email) VALUES ('renz472@cspc.edu.ph');
INSERT IGNORE INTO admins (email) VALUES ('maria447@cspc.edu.ph');
INSERT IGNORE INTO admins (email) VALUES ('jose763@cspc.edu.ph');
INSERT IGNORE INTO admins (email) VALUES ('luis992@cspc.edu.ph');
INSERT IGNORE INTO admins (email) VALUES ('sarah954@cspc.edu.ph');
INSERT IGNORE INTO admins (email) VALUES ('luis774@cspc.edu.ph');
INSERT IGNORE INTO admins (email) VALUES ('carmen994@cspc.edu.ph');
INSERT IGNORE INTO admins (email) VALUES ('diana935@cspc.edu.ph');
INSERT IGNORE INTO admins (email) VALUES ('jose945@cspc.edu.ph');
INSERT IGNORE INTO admins (email) VALUES ('renz226@cspc.edu.ph');
INSERT IGNORE INTO admins (email) VALUES ('carlos619@cspc.edu.ph');
INSERT IGNORE INTO admins (email) VALUES ('renz436@cspc.edu.ph');
INSERT IGNORE INTO admins (email) VALUES ('ava172@cspc.edu.ph');
INSERT IGNORE INTO admins (email) VALUES ('diana78@cspc.edu.ph');
INSERT IGNORE INTO admins (email) VALUES ('bea707@cspc.edu.ph');
INSERT IGNORE INTO admins (email) VALUES ('paolo453@cspc.edu.ph');
INSERT IGNORE INTO admins (email) VALUES ('chris212@cspc.edu.ph');
INSERT IGNORE INTO admins (email) VALUES ('near154@cspc.edu.ph');
INSERT IGNORE INTO admins (email) VALUES ('renz938@cspc.edu.ph');
INSERT IGNORE INTO admins (email) VALUES ('juan952@cspc.edu.ph');
INSERT IGNORE INTO admins (email) VALUES ('renz425@cspc.edu.ph');
INSERT IGNORE INTO admins (email) VALUES ('diana601@cspc.edu.ph');
INSERT IGNORE INTO admins (email) VALUES ('paolo77@cspc.edu.ph');
INSERT IGNORE INTO admins (email) VALUES ('ed826@cspc.edu.ph');
INSERT IGNORE INTO admins (email) VALUES ('maria380@cspc.edu.ph');
INSERT IGNORE INTO admins (email) VALUES ('juan851@cspc.edu.ph');
INSERT IGNORE INTO admins (email) VALUES ('renz28@cspc.edu.ph');
INSERT IGNORE INTO admins (email) VALUES ('bea311@cspc.edu.ph');
INSERT IGNORE INTO admins (email) VALUES ('near410@cspc.edu.ph');
INSERT IGNORE INTO admins (email) VALUES ('diana972@cspc.edu.ph');
INSERT IGNORE INTO admins (email) VALUES ('renz575@cspc.edu.ph');
INSERT IGNORE INTO admins (email) VALUES ('luis913@cspc.edu.ph');
INSERT IGNORE INTO admins (email) VALUES ('juan256@cspc.edu.ph');
INSERT IGNORE INTO admins (email) VALUES ('luis812@cspc.edu.ph');
INSERT IGNORE INTO admins (email) VALUES ('miguel951@cspc.edu.ph');
INSERT IGNORE INTO admins (email) VALUES ('bea298@cspc.edu.ph');
INSERT IGNORE INTO admins (email) VALUES ('diana127@cspc.edu.ph');
INSERT IGNORE INTO admins (email) VALUES ('juan879@cspc.edu.ph');
INSERT IGNORE INTO admins (email) VALUES ('ava33@cspc.edu.ph');
INSERT IGNORE INTO admins (email) VALUES ('sofia764@cspc.edu.ph');
INSERT IGNORE INTO admins (email) VALUES ('luis313@cspc.edu.ph');
INSERT IGNORE INTO admins (email) VALUES ('ava75@cspc.edu.ph');
INSERT IGNORE INTO admins (email) VALUES ('miguel81@cspc.edu.ph');
INSERT IGNORE INTO admins (email) VALUES ('diana158@cspc.edu.ph');
INSERT IGNORE INTO admins (email) VALUES ('paolo25@cspc.edu.ph');
INSERT IGNORE INTO admins (email) VALUES ('jose901@cspc.edu.ph');
INSERT IGNORE INTO admins (email) VALUES ('luis348@cspc.edu.ph');

-- 50+ NESTS
INSERT IGNORE INTO nests (id, island_id, name, description, creator_id) VALUES ('fd1198b4-8c4c-4132-a3a5-7cef716c22ee', 'cas', 'n/Rizal_History_0', 'Community discussions for Rizal_History', 'f33d57e4-c952-4b2c-9cc4-dde86f551410');
INSERT IGNORE INTO nests (id, island_id, name, description, creator_id) VALUES ('f23acf9e-e56a-488d-b96a-8f9f2bc2a481', 'ctde', 'n/PythonHelp_1', 'Community discussions for PythonHelp', 'bd905d65-4960-4012-9926-e29c9a4c0356');
INSERT IGNORE INTO nests (id, island_id, name, description, creator_id) VALUES ('69ca25b7-0cf9-4c81-a36c-9ae483ad8a16', 'org_council', 'n/DataStructures_2', 'Community discussions for DataStructures', '3fa79820-d1c1-4f98-92cd-bb1adbb620f1');
INSERT IGNORE INTO nests (id, island_id, name, description, creator_id) VALUES ('c7ab46af-8ab9-42c2-9dc7-3fa2391639c2', 'cthbm', 'n/Rizal_History_3', 'Community discussions for Rizal_History', '690e8ffb-70ab-40a1-b07b-7b1f0e713719');
INSERT IGNORE INTO nests (id, island_id, name, description, creator_id) VALUES ('7a5be34c-4f57-4b9c-9cb3-191cc88da3d2', 'cea', 'n/CiscoNetworking_4', 'Community discussions for CiscoNetworking', '690e8ffb-70ab-40a1-b07b-7b1f0e713719');
INSERT IGNORE INTO nests (id, island_id, name, description, creator_id) VALUES ('0f8a207c-72e8-4475-9338-28f60c483b76', 'org_council', 'n/ArduinoRobotics_5', 'Community discussions for ArduinoRobotics', '003181d2-2889-4e95-9d8f-8a1b6b41266e');
INSERT IGNORE INTO nests (id, island_id, name, description, creator_id) VALUES ('e4ce1307-3d2f-499f-ba51-1a98540c3fc8', 'ctde', 'n/CalculusTips_6', 'Community discussions for CalculusTips', '94cfd4ad-051d-45e2-add6-9e127ce15966');
INSERT IGNORE INTO nests (id, island_id, name, description, creator_id) VALUES ('90f4c33b-65c0-4e2f-8668-c80e427a8821', 'sports_club', 'n/DataStructures_7', 'Community discussions for DataStructures', 'b3d635b6-bccd-45ce-a9f6-b503ee904e34');
INSERT IGNORE INTO nests (id, island_id, name, description, creator_id) VALUES ('5ca75c72-f684-415d-8f73-465115b17c94', 'sports_club', 'n/MachineLearning_8', 'Community discussions for MachineLearning', 'b3d635b6-bccd-45ce-a9f6-b503ee904e34');
INSERT IGNORE INTO nests (id, island_id, name, description, creator_id) VALUES ('ca0c019d-e32c-4975-ae91-3ac371e084f3', 'cea', 'n/CiscoNetworking_9', 'Community discussions for CiscoNetworking', '10034e90-f8dc-4d71-ae31-207bfabd491d');
INSERT IGNORE INTO nests (id, island_id, name, description, creator_id) VALUES ('eeae374e-77b7-49f5-9666-91e6692f6044', 'cthbm', 'n/MachineLearning_10', 'Community discussions for MachineLearning', 'b3d635b6-bccd-45ce-a9f6-b503ee904e34');
INSERT IGNORE INTO nests (id, island_id, name, description, creator_id) VALUES ('cbb9fe87-a8c3-4e2e-8eb3-f1f84173870c', 'ccs', 'n/CalculusTips_11', 'Community discussions for CalculusTips', 'e05c9219-bff4-45a3-a3ce-049335bc8b32');
INSERT IGNORE INTO nests (id, island_id, name, description, creator_id) VALUES ('bfd8a31d-d2b1-48de-935c-fae33e227a11', 'chs', 'n/CampusLife_12', 'Community discussions for CampusLife', '4b3a0d80-0d95-4498-b6cf-41e2dcad2c1c');
INSERT IGNORE INTO nests (id, island_id, name, description, creator_id) VALUES ('c3c2cef5-c528-4e39-925a-7d076bfb9e37', 'chs', 'n/CiscoNetworking_13', 'Community discussions for CiscoNetworking', '73b797e6-249b-4286-84c6-2f05fc10b546');
INSERT IGNORE INTO nests (id, island_id, name, description, creator_id) VALUES ('6f9a8d39-ea1d-4fa7-974f-8f145e8bcb75', 'ctde', 'n/MachineLearning_14', 'Community discussions for MachineLearning', 'c485789f-3d1f-49d1-9059-d638761874b0');
INSERT IGNORE INTO nests (id, island_id, name, description, creator_id) VALUES ('6bf92f43-dc2a-45b2-ad8a-577db8f8be85', 'ctde', 'n/ArduinoRobotics_15', 'Community discussions for ArduinoRobotics', '20c26c3b-e152-4946-b207-8aadf3e7f3b5');
INSERT IGNORE INTO nests (id, island_id, name, description, creator_id) VALUES ('d95330cb-b6ca-4f4f-9691-e5237e6d8973', 'cas', 'n/ArduinoRobotics_16', 'Community discussions for ArduinoRobotics', 'bab1a9b4-a50f-4a93-9ad9-dae87e77eddc');
INSERT IGNORE INTO nests (id, island_id, name, description, creator_id) VALUES ('421a980a-1215-48df-b51d-a77c93a5ada0', 'chs', 'n/ImageProcessing_17', 'Community discussions for ImageProcessing', '1367e907-ef33-4de7-b1fc-ce54c3ef3804');
INSERT IGNORE INTO nests (id, island_id, name, description, creator_id) VALUES ('780c535c-e593-494b-ae2e-27d0d093b1d4', 'ctde', 'n/DataStructures_18', 'Community discussions for DataStructures', '003181d2-2889-4e95-9d8f-8a1b6b41266e');
INSERT IGNORE INTO nests (id, island_id, name, description, creator_id) VALUES ('e0b5ad7e-d559-4e04-88b2-3fe58125b07c', 'ccs', 'n/ArduinoRobotics_19', 'Community discussions for ArduinoRobotics', 'deb1e884-25c8-46b8-bff0-1fc169344b4d');
INSERT IGNORE INTO nests (id, island_id, name, description, creator_id) VALUES ('857bba35-f8fb-47a8-9081-affd4c65c819', 'cea', 'n/ArduinoRobotics_20', 'Community discussions for ArduinoRobotics', '11111111-1111-1111-1111-111111111111');
INSERT IGNORE INTO nests (id, island_id, name, description, creator_id) VALUES ('6b58af3f-b945-446b-8e0b-67bec13d50ae', 'ctde', 'n/PythonHelp_21', 'Community discussions for PythonHelp', '406b7a5e-a8ab-40e6-aa9c-8a814fb3724b');
INSERT IGNORE INTO nests (id, island_id, name, description, creator_id) VALUES ('03a9ba8e-7a09-4bf7-9fc6-846f98276690', 'cthbm', 'n/PythonHelp_22', 'Community discussions for PythonHelp', '11111111-1111-1111-1111-111111111111');
INSERT IGNORE INTO nests (id, island_id, name, description, creator_id) VALUES ('a09b9d12-5416-4707-8933-17c932d65878', 'org_council', 'n/WebDev_23', 'Community discussions for WebDev', '6566fac3-5316-4f7d-a8dc-da9868447607');
INSERT IGNORE INTO nests (id, island_id, name, description, creator_id) VALUES ('da1bfe7f-36ee-4868-baaf-82e7554412bb', 'cas', 'n/DataStructures_24', 'Community discussions for DataStructures', 'cd697fff-da04-418f-a9a2-1253b3808c7e');
INSERT IGNORE INTO nests (id, island_id, name, description, creator_id) VALUES ('cf495c80-b1fb-442c-b626-9daca8d263f0', 'ccs', 'n/PythonHelp_25', 'Community discussions for PythonHelp', '4e889f9e-ef49-478a-86ad-2c519a2cd729');
INSERT IGNORE INTO nests (id, island_id, name, description, creator_id) VALUES ('853e9e6f-1032-409c-9d5a-7401eab22e27', 'chs', 'n/PythonHelp_26', 'Community discussions for PythonHelp', '4661ef2b-efe4-4751-bbda-477b8619d50a');
INSERT IGNORE INTO nests (id, island_id, name, description, creator_id) VALUES ('8be0aab8-f188-42bb-8694-8c2f30458439', 'general', 'n/PythonHelp_27', 'Community discussions for PythonHelp', 'db4d7571-cd16-4c41-b7ec-ccf2f5870cae');
INSERT IGNORE INTO nests (id, island_id, name, description, creator_id) VALUES ('0be03b15-f351-4634-8092-3144fe50c37e', 'chs', 'n/ArduinoRobotics_28', 'Community discussions for ArduinoRobotics', '3fa79820-d1c1-4f98-92cd-bb1adbb620f1');
INSERT IGNORE INTO nests (id, island_id, name, description, creator_id) VALUES ('cdeca948-e73d-475c-bb01-03fc3fa9f255', 'cea', 'n/CampusLife_29', 'Community discussions for CampusLife', '978379b4-ec92-40a1-8e7c-a166de115b09');
INSERT IGNORE INTO nests (id, island_id, name, description, creator_id) VALUES ('c830a571-5a65-41db-8097-af49661f65bc', 'chs', 'n/DataStructures_30', 'Community discussions for DataStructures', '11111111-1111-1111-1111-111111111111');
INSERT IGNORE INTO nests (id, island_id, name, description, creator_id) VALUES ('8bbe7696-25b8-4545-a76a-43f8903a2f7a', 'cas', 'n/PythonHelp_31', 'Community discussions for PythonHelp', '978379b4-ec92-40a1-8e7c-a166de115b09');
INSERT IGNORE INTO nests (id, island_id, name, description, creator_id) VALUES ('a302cac4-ee90-4d34-a493-1022e288c401', 'cea', 'n/ArduinoRobotics_32', 'Community discussions for ArduinoRobotics', '50721040-81e8-4976-93d3-15b5b069492c');
INSERT IGNORE INTO nests (id, island_id, name, description, creator_id) VALUES ('ff954a7c-04a8-4dbc-b836-964226dceb13', 'chs', 'n/DataStructures_33', 'Community discussions for DataStructures', 'ba9bfb27-6d6e-480d-83e5-a8bec6007247');
INSERT IGNORE INTO nests (id, island_id, name, description, creator_id) VALUES ('a9268345-9575-49c2-9988-7cae64996f35', 'sports_club', 'n/MachineLearning_34', 'Community discussions for MachineLearning', '41a15790-8b61-404c-87ae-68a1b1fea8dc');
INSERT IGNORE INTO nests (id, island_id, name, description, creator_id) VALUES ('52ed5d07-ba79-4fd1-86eb-23754c90f8ac', 'cea', 'n/CampusLife_35', 'Community discussions for CampusLife', 'e38cbf99-7064-4e70-856f-9b2bdbd70837');
INSERT IGNORE INTO nests (id, island_id, name, description, creator_id) VALUES ('22d611e3-ccd8-4758-b8bd-f80b3e851733', 'general', 'n/WebDev_36', 'Community discussions for WebDev', '808a7df8-3ae9-4d24-9677-7a519c46e60c');
INSERT IGNORE INTO nests (id, island_id, name, description, creator_id) VALUES ('7da65b3c-a37e-435c-9e9f-a7832b64f447', 'cas', 'n/ImageProcessing_37', 'Community discussions for ImageProcessing', 'bab1a9b4-a50f-4a93-9ad9-dae87e77eddc');
INSERT IGNORE INTO nests (id, island_id, name, description, creator_id) VALUES ('9a586cb3-1e4e-4ea6-a1a6-9eecd550a060', 'org_council', 'n/CampusLife_38', 'Community discussions for CampusLife', 'cd697fff-da04-418f-a9a2-1253b3808c7e');
INSERT IGNORE INTO nests (id, island_id, name, description, creator_id) VALUES ('4c8dad90-baba-4aec-bb61-52f591b07196', 'chs', 'n/CampusLife_39', 'Community discussions for CampusLife', '11111111-1111-1111-1111-111111111111');
INSERT IGNORE INTO nests (id, island_id, name, description, creator_id) VALUES ('dc0e5e65-8d32-4a9a-b45d-ac11e80f6334', 'ccs', 'n/CampusLife_40', 'Community discussions for CampusLife', '10034e90-f8dc-4d71-ae31-207bfabd491d');
INSERT IGNORE INTO nests (id, island_id, name, description, creator_id) VALUES ('c91af3df-a3b1-413f-8a27-1b44bd3c1ca7', 'org_council', 'n/DataStructures_41', 'Community discussions for DataStructures', '41a15790-8b61-404c-87ae-68a1b1fea8dc');
INSERT IGNORE INTO nests (id, island_id, name, description, creator_id) VALUES ('392b097c-339a-437b-9ed6-ffb150bf3d47', 'chs', 'n/ImageProcessing_42', 'Community discussions for ImageProcessing', 'ee4efdd4-80cc-43e6-82b9-dc7902d077d4');
INSERT IGNORE INTO nests (id, island_id, name, description, creator_id) VALUES ('082918e7-e649-47a4-ab5b-655b53d66471', 'cthbm', 'n/Rizal_History_43', 'Community discussions for Rizal_History', '20e72788-4979-4703-906a-472310e7dfea');
INSERT IGNORE INTO nests (id, island_id, name, description, creator_id) VALUES ('78690ea8-9973-4a48-8716-641e3b845cff', 'ctde', 'n/CiscoNetworking_44', 'Community discussions for CiscoNetworking', 'ee4efdd4-80cc-43e6-82b9-dc7902d077d4');
INSERT IGNORE INTO nests (id, island_id, name, description, creator_id) VALUES ('49280a0c-f6f3-4fca-990a-b55735112576', 'chs', 'n/CampusLife_45', 'Community discussions for CampusLife', '4661ef2b-efe4-4751-bbda-477b8619d50a');
INSERT IGNORE INTO nests (id, island_id, name, description, creator_id) VALUES ('542391ec-d485-4bfd-8711-698388bf9294', 'cea', 'n/CalculusTips_46', 'Community discussions for CalculusTips', 'cd697fff-da04-418f-a9a2-1253b3808c7e');
INSERT IGNORE INTO nests (id, island_id, name, description, creator_id) VALUES ('eb12f1b5-b806-4037-8393-780beff83d49', 'cas', 'n/CampusLife_47', 'Community discussions for CampusLife', '73b797e6-249b-4286-84c6-2f05fc10b546');
INSERT IGNORE INTO nests (id, island_id, name, description, creator_id) VALUES ('bfb97995-2f6a-4330-93da-4dd6859972ef', 'ctde', 'n/MachineLearning_48', 'Community discussions for MachineLearning', '4e889f9e-ef49-478a-86ad-2c519a2cd729');
INSERT IGNORE INTO nests (id, island_id, name, description, creator_id) VALUES ('0ad5220f-fcae-45b4-a883-1c32be0a79fb', 'chs', 'n/MachineLearning_49', 'Community discussions for MachineLearning', '808a7df8-3ae9-4d24-9677-7a519c46e60c');
INSERT IGNORE INTO nests (id, island_id, name, description, creator_id) VALUES ('a0b158ed-1128-444f-9537-b3c04a944c28', 'chs', 'n/CiscoNetworking_50', 'Community discussions for CiscoNetworking', '3453125d-38ad-48b4-ba30-2e9d8ed6aba1');
INSERT IGNORE INTO nests (id, island_id, name, description, creator_id) VALUES ('a5db58b3-e981-470d-918e-17b8bf5fca67', 'cthbm', 'n/ImageProcessing_51', 'Community discussions for ImageProcessing', '11111111-1111-1111-1111-111111111111');
INSERT IGNORE INTO nests (id, island_id, name, description, creator_id) VALUES ('43fcb7fb-92c8-40e9-bfc1-de6f1ea00b50', 'ctde', 'n/MachineLearning_52', 'Community discussions for MachineLearning', 'd433d458-2948-4daa-b414-92b841fdf6b5');
INSERT IGNORE INTO nests (id, island_id, name, description, creator_id) VALUES ('15f2105c-b47d-4dfc-8660-c1cd2178de24', 'ctde', 'n/ArduinoRobotics_53', 'Community discussions for ArduinoRobotics', 'c479c295-d87c-45ef-90f3-3cdef97cc7df');
INSERT IGNORE INTO nests (id, island_id, name, description, creator_id) VALUES ('8e9b8103-3e77-4700-839b-7192771db4f5', 'cea', 'n/PythonHelp_54', 'Community discussions for PythonHelp', 'bab1a9b4-a50f-4a93-9ad9-dae87e77eddc');

-- 50+ POSTS
INSERT IGNORE INTO posts (id, category_id, title, content, author_id, likes, comments) VALUES ('89a81b65-43ef-46fb-9a48-25a465e244aa', '15f2105c-b47d-4dfc-8660-c1cd2178de24', 'Tagalog Poetry - ''Pagyao'' 0', 'Quick pronunciation guide for the poetry club: ''pagyao'' is read as ''pag-ya-o'', it does not end in a diphthong!', '4e889f9e-ef49-478a-86ad-2c519a2cd729', 17, 5);
INSERT IGNORE INTO posts (id, category_id, title, content, author_id, likes, comments) VALUES ('98e0020c-5862-40aa-83ef-d6ee8d0f61d1', 'a302cac4-ee90-4d34-a493-1022e288c401', 'Cardivas vs Nevotens Research 1', 'Currently analyzing the clinical trial statistical inference data for hypertension medications. Does anyone have the variance formulas?', 'db4d7571-cd16-4c41-b7ec-ccf2f5870cae', 30, 4);
INSERT IGNORE INTO posts (id, category_id, title, content, author_id, likes, comments) VALUES ('2d40baf7-3d7f-4a76-a5b6-b58f01845302', 'da1bfe7f-36ee-4868-baaf-82e7554412bb', 'Flask + SQL Routing 2', 'Having trouble doing a SQL JOIN between my Posts and Nests tables. Any backend experts here?', '73b797e6-249b-4286-84c6-2f05fc10b546', 10, 4);
INSERT IGNORE INTO posts (id, category_id, title, content, author_id, likes, comments) VALUES ('3f6bfd7e-3bda-403c-8141-3586268ec6d6', '0f8a207c-72e8-4475-9338-28f60c483b76', 'Low-Pass Filtering Algorithms 3', 'Implementing kernels for smoothing and edge detection on the dental radiographs. The math is getting complex!', '690e8ffb-70ab-40a1-b07b-7b1f0e713719', 15, 1);
INSERT IGNORE INTO posts (id, category_id, title, content, author_id, likes, comments) VALUES ('1fb8a381-108e-4d19-8587-e5d4d906c9a7', 'c3c2cef5-c528-4e39-925a-7d076bfb9e37', 'Campus Wi-Fi Down 4', 'Is the campus network down in the CCS building again? I can''t connect to the repository.', '199fff92-da95-49b0-bb3b-22c88f847ec6', 17, 3);
INSERT IGNORE INTO posts (id, category_id, title, content, author_id, likes, comments) VALUES ('6d8bf59c-1f2b-4992-bd44-289bd3ebdd6a', 'cf495c80-b1fb-442c-b626-9daca8d263f0', 'Low-Pass Filtering Algorithms 5', 'Implementing kernels for smoothing and edge detection on the dental radiographs. The math is getting complex!', '3bee3908-8941-4575-8d49-613a59a5c5c9', 6, 2);
INSERT IGNORE INTO posts (id, category_id, title, content, author_id, likes, comments) VALUES ('f8d31489-8bf8-4536-8c76-c3c22ed25d55', 'dc0e5e65-8d32-4a9a-b45d-ac11e80f6334', 'Help with TB6612FNG Driver 6', 'I am building a line-following robot. Should I use the L298N or the TB6612FNG for better motor control?', 'bab1a9b4-a50f-4a93-9ad9-dae87e77eddc', 19, 2);
INSERT IGNORE INTO posts (id, category_id, title, content, author_id, likes, comments) VALUES ('c2151bc8-f0e5-4864-a49f-4008eafa717b', 'ca0c019d-e32c-4975-ae91-3ac371e084f3', 'Tagalog Poetry - ''Pagyao'' 7', 'Quick pronunciation guide for the poetry club: ''pagyao'' is read as ''pag-ya-o'', it does not end in a diphthong!', 'e05c9219-bff4-45a3-a3ce-049335bc8b32', 2, 5);
INSERT IGNORE INTO posts (id, category_id, title, content, author_id, likes, comments) VALUES ('a523de1f-f61e-4266-8383-c756c55574dd', 'a9268345-9575-49c2-9988-7cae64996f35', 'Tagalog Poetry - ''Pagyao'' 8', 'Quick pronunciation guide for the poetry club: ''pagyao'' is read as ''pag-ya-o'', it does not end in a diphthong!', 'e8043f41-5edc-4168-b71e-070895e33b78', 18, 5);
INSERT IGNORE INTO posts (id, category_id, title, content, author_id, likes, comments) VALUES ('0891b51b-7d34-4442-ac01-8a5e8f7097a3', 'c7ab46af-8ab9-42c2-9dc7-3fa2391639c2', 'Campus Wi-Fi Down 9', 'Is the campus network down in the CCS building again? I can''t connect to the repository.', '808a7df8-3ae9-4d24-9677-7a519c46e60c', 1, 5);
INSERT IGNORE INTO posts (id, category_id, title, content, author_id, likes, comments) VALUES ('cca26a43-256d-4d2c-a5fa-2bb117dd5109', '0be03b15-f351-4634-8092-3144fe50c37e', 'IR Sensor Array Configuration 10', 'Just a heads up for the robotics project: we are utilizing only 5 arrays on an 8-channel IR sensor. Adjust your PID controllers accordingly!', '3bee3908-8941-4575-8d49-613a59a5c5c9', 11, 2);
INSERT IGNORE INTO posts (id, category_id, title, content, author_id, likes, comments) VALUES ('c64b6505-c05c-48a6-ab22-33b4e06e2bab', 'fd1198b4-8c4c-4132-a3a5-7cef716c22ee', 'IR Sensor Array Configuration 11', 'Just a heads up for the robotics project: we are utilizing only 5 arrays on an 8-channel IR sensor. Adjust your PID controllers accordingly!', '33333333-3333-3333-3333-333333333333', 42, 4);
INSERT IGNORE INTO posts (id, category_id, title, content, author_id, likes, comments) VALUES ('5b914c95-277b-40c4-8702-f783ee057f78', 'bfd8a31d-d2b1-48de-935c-fae33e227a11', 'Tagalog Poetry - ''Pagyao'' 12', 'Quick pronunciation guide for the poetry club: ''pagyao'' is read as ''pag-ya-o'', it does not end in a diphthong!', 'e38cbf99-7064-4e70-856f-9b2bdbd70837', 4, 1);
INSERT IGNORE INTO posts (id, category_id, title, content, author_id, likes, comments) VALUES ('701725be-33aa-4a82-b089-861e1c9fc48e', 'e0b5ad7e-d559-4e04-88b2-3fe58125b07c', 'CSAM 212 Final Examination 13', 'Are we allowed to bring a cheat sheet for the CSAM 212 finals? I''m struggling to remember all the Bayesian inference formulas.', '1367e907-ef33-4de7-b1fc-ce54c3ef3804', 27, 1);
INSERT IGNORE INTO posts (id, category_id, title, content, author_id, likes, comments) VALUES ('e55f1c42-7103-4bc2-b518-8c3d6535515d', '9a586cb3-1e4e-4ea6-a1a6-9eecd550a060', 'Neural Networks vs Logistic Regression 14', 'For our obesity level classification project, the neural network is outperforming logistic regression. Has anyone else tested this on the UCI dataset?', '2cbf8a9c-d48b-4eb2-91e0-4e64adf0a46b', 20, 3);
INSERT IGNORE INTO posts (id, category_id, title, content, author_id, likes, comments) VALUES ('ed002f63-6d4c-4ec7-bbf3-43a5b293bf82', 'e4ce1307-3d2f-499f-ba51-1a98540c3fc8', 'Cisco Packet Tracer - Mac Lab 15', 'Does anyone have the subnet mask requirements for the Midterm Mac laboratory network simulation? I have the routers and WAPs set up.', 'c485789f-3d1f-49d1-9059-d638761874b0', 42, 1);
INSERT IGNORE INTO posts (id, category_id, title, content, author_id, likes, comments) VALUES ('f471c0c3-d435-4c55-bfb5-588e38d64547', '7a5be34c-4f57-4b9c-9cb3-191cc88da3d2', 'CSAM 212 Final Examination 16', 'Are we allowed to bring a cheat sheet for the CSAM 212 finals? I''m struggling to remember all the Bayesian inference formulas.', 'deb1e884-25c8-46b8-bff0-1fc169344b4d', 44, 1);
INSERT IGNORE INTO posts (id, category_id, title, content, author_id, likes, comments) VALUES ('d3dca059-a78e-47a2-8dd0-198d2fcddbb9', '4c8dad90-baba-4aec-bb61-52f591b07196', 'Flask + SQL Routing 17', 'Having trouble doing a SQL JOIN between my Posts and Nests tables. Any backend experts here?', '690e8ffb-70ab-40a1-b07b-7b1f0e713719', 1, 5);
INSERT IGNORE INTO posts (id, category_id, title, content, author_id, likes, comments) VALUES ('167d6b5e-bfd6-4f7b-92b9-c2649628f73e', 'ca0c019d-e32c-4975-ae91-3ac371e084f3', 'Cisco Packet Tracer - Mac Lab 18', 'Does anyone have the subnet mask requirements for the Midterm Mac laboratory network simulation? I have the routers and WAPs set up.', '20e72788-4979-4703-906a-472310e7dfea', 10, 1);
INSERT IGNORE INTO posts (id, category_id, title, content, author_id, likes, comments) VALUES ('6b0dbb85-98e0-4e9a-94da-184c1a1a849e', '7da65b3c-a37e-435c-9e9f-a7832b64f447', 'CSAM 212 Final Examination 19', 'Are we allowed to bring a cheat sheet for the CSAM 212 finals? I''m struggling to remember all the Bayesian inference formulas.', '0350cd1e-ef2e-42a2-8d8c-c3cf269abccb', 1, 1);
INSERT IGNORE INTO posts (id, category_id, title, content, author_id, likes, comments) VALUES ('7a16a68c-5e23-47f0-b38f-e77a625fb337', '780c535c-e593-494b-ae2e-27d0d093b1d4', 'Cisco Packet Tracer - Mac Lab 20', 'Does anyone have the subnet mask requirements for the Midterm Mac laboratory network simulation? I have the routers and WAPs set up.', '2cbf8a9c-d48b-4eb2-91e0-4e64adf0a46b', 38, 4);
INSERT IGNORE INTO posts (id, category_id, title, content, author_id, likes, comments) VALUES ('9d403183-7023-4365-829c-4d7cc86ec6cd', '6bf92f43-dc2a-45b2-ad8a-577db8f8be85', 'IR Sensor Array Configuration 21', 'Just a heads up for the robotics project: we are utilizing only 5 arrays on an 8-channel IR sensor. Adjust your PID controllers accordingly!', 'deb1e884-25c8-46b8-bff0-1fc169344b4d', 3, 2);
INSERT IGNORE INTO posts (id, category_id, title, content, author_id, likes, comments) VALUES ('0049d72f-39a3-4ee0-b11e-50eb41c13f20', '857bba35-f8fb-47a8-9081-affd4c65c819', 'Tagalog Poetry - ''Pagyao'' 22', 'Quick pronunciation guide for the poetry club: ''pagyao'' is read as ''pag-ya-o'', it does not end in a diphthong!', '406b7a5e-a8ab-40e6-aa9c-8a814fb3724b', 21, 1);
INSERT IGNORE INTO posts (id, category_id, title, content, author_id, likes, comments) VALUES ('49697332-eec3-4a2f-b095-4fe230449781', 'e0b5ad7e-d559-4e04-88b2-3fe58125b07c', 'Cisco Packet Tracer - Mac Lab 23', 'Does anyone have the subnet mask requirements for the Midterm Mac laboratory network simulation? I have the routers and WAPs set up.', '6566fac3-5316-4f7d-a8dc-da9868447607', 22, 2);
INSERT IGNORE INTO posts (id, category_id, title, content, author_id, likes, comments) VALUES ('ecd8ca4d-bf9d-4f7d-a5dd-01fdd8fc00c2', '52ed5d07-ba79-4fd1-86eb-23754c90f8ac', 'IR Sensor Array Configuration 24', 'Just a heads up for the robotics project: we are utilizing only 5 arrays on an 8-channel IR sensor. Adjust your PID controllers accordingly!', 'a9a50e80-47c4-4a27-beaa-1679a735ae73', 5, 5);
INSERT IGNORE INTO posts (id, category_id, title, content, author_id, likes, comments) VALUES ('5a2492cc-4c71-40f2-80c0-25d6a12cd253', 'a302cac4-ee90-4d34-a493-1022e288c401', 'Campus Wi-Fi Down 25', 'Is the campus network down in the CCS building again? I can''t connect to the repository.', 'd6d00fdb-0fb2-4c1c-aad1-4fdc571745a5', 19, 2);
INSERT IGNORE INTO posts (id, category_id, title, content, author_id, likes, comments) VALUES ('2f6ad598-b648-48cd-961e-3d9ad9b260e0', 'a0b158ed-1128-444f-9537-b3c04a944c28', 'Neural Networks vs Logistic Regression 26', 'For our obesity level classification project, the neural network is outperforming logistic regression. Has anyone else tested this on the UCI dataset?', '7ee9f6b6-5242-4402-ad19-35de2353c907', 9, 3);
INSERT IGNORE INTO posts (id, category_id, title, content, author_id, likes, comments) VALUES ('39a6a411-31b7-4cf0-b00d-181e9d38bb25', '8e9b8103-3e77-4700-839b-7192771db4f5', 'Flask + SQL Routing 27', 'Having trouble doing a SQL JOIN between my Posts and Nests tables. Any backend experts here?', 'ee4efdd4-80cc-43e6-82b9-dc7902d077d4', 8, 5);
INSERT IGNORE INTO posts (id, category_id, title, content, author_id, likes, comments) VALUES ('cea3c0a0-6629-4d50-b220-26bd3e203d03', 'ff954a7c-04a8-4dbc-b836-964226dceb13', 'Cisco Packet Tracer - Mac Lab 28', 'Does anyone have the subnet mask requirements for the Midterm Mac laboratory network simulation? I have the routers and WAPs set up.', '66adf770-4847-4ac3-b7df-f9ac7a4b912f', 38, 1);
INSERT IGNORE INTO posts (id, category_id, title, content, author_id, likes, comments) VALUES ('e97845d6-fe8c-4bc8-8cc1-102c46c14358', 'bfd8a31d-d2b1-48de-935c-fae33e227a11', 'Help with TB6612FNG Driver 29', 'I am building a line-following robot. Should I use the L298N or the TB6612FNG for better motor control?', '808a7df8-3ae9-4d24-9677-7a519c46e60c', 12, 4);
INSERT IGNORE INTO posts (id, category_id, title, content, author_id, likes, comments) VALUES ('507e79e2-64ae-4a63-aa9e-b1718203a781', 'c3c2cef5-c528-4e39-925a-7d076bfb9e37', 'Campus Wi-Fi Down 30', 'Is the campus network down in the CCS building again? I can''t connect to the repository.', 'a9a50e80-47c4-4a27-beaa-1679a735ae73', 11, 2);
INSERT IGNORE INTO posts (id, category_id, title, content, author_id, likes, comments) VALUES ('0b0fc0a8-0363-42e6-ad90-411cc5f3315a', 'a9268345-9575-49c2-9988-7cae64996f35', 'Neural Networks vs Logistic Regression 31', 'For our obesity level classification project, the neural network is outperforming logistic regression. Has anyone else tested this on the UCI dataset?', 'd433d458-2948-4daa-b414-92b841fdf6b5', 4, 2);
INSERT IGNORE INTO posts (id, category_id, title, content, author_id, likes, comments) VALUES ('ab84ef9a-c577-4da6-9335-3c842f6a25cb', 'da1bfe7f-36ee-4868-baaf-82e7554412bb', 'Tagalog Poetry - ''Pagyao'' 32', 'Quick pronunciation guide for the poetry club: ''pagyao'' is read as ''pag-ya-o'', it does not end in a diphthong!', '50721040-81e8-4976-93d3-15b5b069492c', 0, 5);
INSERT IGNORE INTO posts (id, category_id, title, content, author_id, likes, comments) VALUES ('2966007e-4fd8-42a4-bbf8-2059cbca928e', '082918e7-e649-47a4-ab5b-655b53d66471', 'Cisco Packet Tracer - Mac Lab 33', 'Does anyone have the subnet mask requirements for the Midterm Mac laboratory network simulation? I have the routers and WAPs set up.', '808a7df8-3ae9-4d24-9677-7a519c46e60c', 35, 1);
INSERT IGNORE INTO posts (id, category_id, title, content, author_id, likes, comments) VALUES ('3cbb6f57-b169-4095-b5dd-18a040adc5fe', '0f8a207c-72e8-4475-9338-28f60c483b76', 'Campus Wi-Fi Down 34', 'Is the campus network down in the CCS building again? I can''t connect to the repository.', 'e6f37759-7ee6-4120-8e46-5640252ad8d7', 19, 3);
INSERT IGNORE INTO posts (id, category_id, title, content, author_id, likes, comments) VALUES ('11c3f93f-205b-4d8e-bbfa-e02a08974276', '43fcb7fb-92c8-40e9-bfc1-de6f1ea00b50', 'CSAM 212 Final Examination 35', 'Are we allowed to bring a cheat sheet for the CSAM 212 finals? I''m struggling to remember all the Bayesian inference formulas.', 'db4d7571-cd16-4c41-b7ec-ccf2f5870cae', 39, 4);
INSERT IGNORE INTO posts (id, category_id, title, content, author_id, likes, comments) VALUES ('4d61833d-0f14-4da4-ab3f-1e393fa30d07', '90f4c33b-65c0-4e2f-8668-c80e427a8821', 'IR Sensor Array Configuration 36', 'Just a heads up for the robotics project: we are utilizing only 5 arrays on an 8-channel IR sensor. Adjust your PID controllers accordingly!', '2cbf8a9c-d48b-4eb2-91e0-4e64adf0a46b', 8, 4);
INSERT IGNORE INTO posts (id, category_id, title, content, author_id, likes, comments) VALUES ('dd2860f2-5cbf-4ec9-a449-f9f9b8c032b9', '15f2105c-b47d-4dfc-8660-c1cd2178de24', 'Flask + SQL Routing 37', 'Having trouble doing a SQL JOIN between my Posts and Nests tables. Any backend experts here?', '91977d32-7d09-4bfe-aab6-432635df322b', 20, 1);
INSERT IGNORE INTO posts (id, category_id, title, content, author_id, likes, comments) VALUES ('b37f5ac8-d51e-4e76-9c46-c126c33d3be9', '0f8a207c-72e8-4475-9338-28f60c483b76', 'Cisco Packet Tracer - Mac Lab 38', 'Does anyone have the subnet mask requirements for the Midterm Mac laboratory network simulation? I have the routers and WAPs set up.', 'db4d7571-cd16-4c41-b7ec-ccf2f5870cae', 17, 5);
INSERT IGNORE INTO posts (id, category_id, title, content, author_id, likes, comments) VALUES ('fd6191c3-1aa3-482a-9225-83e7315bcb1b', '03a9ba8e-7a09-4bf7-9fc6-846f98276690', 'Neural Networks vs Logistic Regression 39', 'For our obesity level classification project, the neural network is outperforming logistic regression. Has anyone else tested this on the UCI dataset?', '6566fac3-5316-4f7d-a8dc-da9868447607', 22, 5);
INSERT IGNORE INTO posts (id, category_id, title, content, author_id, likes, comments) VALUES ('faa60018-22b8-4f0a-8b5f-7807c4a49252', 'cdeca948-e73d-475c-bb01-03fc3fa9f255', 'Tagalog Poetry - ''Pagyao'' 40', 'Quick pronunciation guide for the poetry club: ''pagyao'' is read as ''pag-ya-o'', it does not end in a diphthong!', 'a09de67e-c5c1-464b-9574-10bca5f50ca7', 32, 2);
INSERT IGNORE INTO posts (id, category_id, title, content, author_id, likes, comments) VALUES ('785e3961-8460-41a8-87d2-8c9350ac51dd', '0ad5220f-fcae-45b4-a883-1c32be0a79fb', 'Cardivas vs Nevotens Research 41', 'Currently analyzing the clinical trial statistical inference data for hypertension medications. Does anyone have the variance formulas?', '978379b4-ec92-40a1-8e7c-a166de115b09', 0, 2);
INSERT IGNORE INTO posts (id, category_id, title, content, author_id, likes, comments) VALUES ('0f8e964b-b91b-4628-9548-c3708f95b1c5', 'a302cac4-ee90-4d34-a493-1022e288c401', 'Campus Wi-Fi Down 42', 'Is the campus network down in the CCS building again? I can''t connect to the repository.', 'fbdc350d-064f-4c13-940c-6d68fd47d80c', 34, 1);
INSERT IGNORE INTO posts (id, category_id, title, content, author_id, likes, comments) VALUES ('2f3b71a4-b6a4-4c41-b4fe-6701e268504c', 'a9268345-9575-49c2-9988-7cae64996f35', 'Cisco Packet Tracer - Mac Lab 43', 'Does anyone have the subnet mask requirements for the Midterm Mac laboratory network simulation? I have the routers and WAPs set up.', '406b7a5e-a8ab-40e6-aa9c-8a814fb3724b', 45, 3);
INSERT IGNORE INTO posts (id, category_id, title, content, author_id, likes, comments) VALUES ('7bf8629a-336c-4a4c-9eaf-72e431e5098a', 'a5db58b3-e981-470d-918e-17b8bf5fca67', 'Low-Pass Filtering Algorithms 44', 'Implementing kernels for smoothing and edge detection on the dental radiographs. The math is getting complex!', 'ee4efdd4-80cc-43e6-82b9-dc7902d077d4', 33, 5);
INSERT IGNORE INTO posts (id, category_id, title, content, author_id, likes, comments) VALUES ('ab51758a-efc2-4cfd-ac35-e5ac9bff9cc9', 'eeae374e-77b7-49f5-9666-91e6692f6044', 'Tagalog Poetry - ''Pagyao'' 45', 'Quick pronunciation guide for the poetry club: ''pagyao'' is read as ''pag-ya-o'', it does not end in a diphthong!', 'f33d57e4-c952-4b2c-9cc4-dde86f551410', 33, 4);
INSERT IGNORE INTO posts (id, category_id, title, content, author_id, likes, comments) VALUES ('2c9f019c-cf26-4b89-a6ed-b05028f1c5ff', '6f9a8d39-ea1d-4fa7-974f-8f145e8bcb75', 'IR Sensor Array Configuration 46', 'Just a heads up for the robotics project: we are utilizing only 5 arrays on an 8-channel IR sensor. Adjust your PID controllers accordingly!', '20c26c3b-e152-4946-b207-8aadf3e7f3b5', 11, 3);
INSERT IGNORE INTO posts (id, category_id, title, content, author_id, likes, comments) VALUES ('64c75da9-ffaf-458f-ae63-7b6be01e8847', '6f9a8d39-ea1d-4fa7-974f-8f145e8bcb75', 'CSAM 212 Final Examination 47', 'Are we allowed to bring a cheat sheet for the CSAM 212 finals? I''m struggling to remember all the Bayesian inference formulas.', 'e38cbf99-7064-4e70-856f-9b2bdbd70837', 19, 2);
INSERT IGNORE INTO posts (id, category_id, title, content, author_id, likes, comments) VALUES ('4b5cc1b6-c8d8-4d4e-8fa3-d76db81c1a78', 'a9268345-9575-49c2-9988-7cae64996f35', 'Low-Pass Filtering Algorithms 48', 'Implementing kernels for smoothing and edge detection on the dental radiographs. The math is getting complex!', '10034e90-f8dc-4d71-ae31-207bfabd491d', 40, 1);
INSERT IGNORE INTO posts (id, category_id, title, content, author_id, likes, comments) VALUES ('28d18907-2c01-4978-b6d9-a75322aa3004', 'f23acf9e-e56a-488d-b96a-8f9f2bc2a481', 'Tagalog Poetry - ''Pagyao'' 49', 'Quick pronunciation guide for the poetry club: ''pagyao'' is read as ''pag-ya-o'', it does not end in a diphthong!', '2cbf8a9c-d48b-4eb2-91e0-4e64adf0a46b', 8, 4);
INSERT IGNORE INTO posts (id, category_id, title, content, author_id, likes, comments) VALUES ('86aa4916-3098-47bb-a1ff-9276accb9001', '5ca75c72-f684-415d-8f73-465115b17c94', 'Cisco Packet Tracer - Mac Lab 50', 'Does anyone have the subnet mask requirements for the Midterm Mac laboratory network simulation? I have the routers and WAPs set up.', 'd3e6e14c-5c7f-43c4-91ce-09c1adf95475', 42, 2);
INSERT IGNORE INTO posts (id, category_id, title, content, author_id, likes, comments) VALUES ('745cbcb3-121e-4c4f-93cf-fdaf623b185f', '03a9ba8e-7a09-4bf7-9fc6-846f98276690', 'CSAM 212 Final Examination 51', 'Are we allowed to bring a cheat sheet for the CSAM 212 finals? I''m struggling to remember all the Bayesian inference formulas.', 'c479c295-d87c-45ef-90f3-3cdef97cc7df', 28, 2);
INSERT IGNORE INTO posts (id, category_id, title, content, author_id, likes, comments) VALUES ('b0e0721f-1bba-4fa3-bbdb-582e8154f7e2', '8e9b8103-3e77-4700-839b-7192771db4f5', 'Neural Networks vs Logistic Regression 52', 'For our obesity level classification project, the neural network is outperforming logistic regression. Has anyone else tested this on the UCI dataset?', 'a09de67e-c5c1-464b-9574-10bca5f50ca7', 28, 4);
INSERT IGNORE INTO posts (id, category_id, title, content, author_id, likes, comments) VALUES ('09d91748-b9c5-40e2-b20b-83eb7999d012', 'ca0c019d-e32c-4975-ae91-3ac371e084f3', 'Flask + SQL Routing 53', 'Having trouble doing a SQL JOIN between my Posts and Nests tables. Any backend experts here?', 'e38cbf99-7064-4e70-856f-9b2bdbd70837', 16, 1);
INSERT IGNORE INTO posts (id, category_id, title, content, author_id, likes, comments) VALUES ('d7ae2534-a09f-46ab-9776-7a676582d53a', 'c3c2cef5-c528-4e39-925a-7d076bfb9e37', 'Help with TB6612FNG Driver 54', 'I am building a line-following robot. Should I use the L298N or the TB6612FNG for better motor control?', 'db4d7571-cd16-4c41-b7ec-ccf2f5870cae', 7, 1);

-- 50+ COMMENTS
INSERT IGNORE INTO comments (id, post_id, author_id, content) VALUES ('53306170-2b62-4664-aa17-105da6b46fef', '4b5cc1b6-c8d8-4d4e-8fa3-d76db81c1a78', 'cd697fff-da04-418f-a9a2-1253b3808c7e', 'I was wondering the exact same thing.');
INSERT IGNORE INTO comments (id, post_id, author_id, content) VALUES ('69746ccf-3e88-4c3f-b176-a15c050f1b28', '7a16a68c-5e23-47f0-b38f-e77a625fb337', '94cfd4ad-051d-45e2-add6-9e127ce15966', 'Check the documentation on page 42.');
INSERT IGNORE INTO comments (id, post_id, author_id, content) VALUES ('1f0dacdd-4eb1-473f-87b4-2c3905cfc910', 'c64b6505-c05c-48a6-ab22-33b4e06e2bab', 'e05c9219-bff4-45a3-a3ce-049335bc8b32', 'Can you share your source code?');
INSERT IGNORE INTO comments (id, post_id, author_id, content) VALUES ('b45eaf8b-d431-49e9-bb96-830bb6a41efe', 'c2151bc8-f0e5-4864-a49f-4008eafa717b', '406b7a5e-a8ab-40e6-aa9c-8a814fb3724b', 'This helped me a lot, thanks!');
INSERT IGNORE INTO comments (id, post_id, author_id, content) VALUES ('65bb5a95-ccad-47d4-a127-3ce7067217c9', '2d40baf7-3d7f-4a76-a5b6-b58f01845302', '10034e90-f8dc-4d71-ae31-207bfabd491d', 'This helped me a lot, thanks!');
INSERT IGNORE INTO comments (id, post_id, author_id, content) VALUES ('592f9a14-00bf-41cc-beaf-9b08278b13d0', 'faa60018-22b8-4f0a-8b5f-7807c4a49252', 'c485789f-3d1f-49d1-9059-d638761874b0', 'I was wondering the exact same thing.');
INSERT IGNORE INTO comments (id, post_id, author_id, content) VALUES ('3c1941cf-7a38-4b1c-9f11-e626ea9218f1', '0f8e964b-b91b-4628-9548-c3708f95b1c5', 'd3e6e14c-5c7f-43c4-91ce-09c1adf95475', 'Check the documentation on page 42.');
INSERT IGNORE INTO comments (id, post_id, author_id, content) VALUES ('b2c25e1f-5ee5-41c6-9e75-8b714cbc70e5', '5a2492cc-4c71-40f2-80c0-25d6a12cd253', '003181d2-2889-4e95-9d8f-8a1b6b41266e', 'Can you share your source code?');
INSERT IGNORE INTO comments (id, post_id, author_id, content) VALUES ('7e0fe7fa-b12b-46bf-b68b-2dc358231d9b', 'e55f1c42-7103-4bc2-b518-8c3d6535515d', '10034e90-f8dc-4d71-ae31-207bfabd491d', 'Can you share your source code?');
INSERT IGNORE INTO comments (id, post_id, author_id, content) VALUES ('a6bda8f8-1122-47e1-8859-ba08c1d66789', 'c64b6505-c05c-48a6-ab22-33b4e06e2bab', '94cfd4ad-051d-45e2-add6-9e127ce15966', 'I was wondering the exact same thing.');
INSERT IGNORE INTO comments (id, post_id, author_id, content) VALUES ('0580d339-9e72-446f-8951-fbeab4c4e058', 'f8d31489-8bf8-4536-8c76-c3c22ed25d55', 'e38cbf99-7064-4e70-856f-9b2bdbd70837', 'Check the documentation on page 42.');
INSERT IGNORE INTO comments (id, post_id, author_id, content) VALUES ('c448f835-40a0-4c9d-96fc-8d564504813f', 'ed002f63-6d4c-4ec7-bbf3-43a5b293bf82', 'e38cbf99-7064-4e70-856f-9b2bdbd70837', 'Check the documentation on page 42.');
INSERT IGNORE INTO comments (id, post_id, author_id, content) VALUES ('c2f7f60b-0d19-4dfb-8c7a-42d29f7012cc', '701725be-33aa-4a82-b089-861e1c9fc48e', '4661ef2b-efe4-4751-bbda-477b8619d50a', 'Great discovery!');
INSERT IGNORE INTO comments (id, post_id, author_id, content) VALUES ('10ddaa1c-ef79-4b75-b721-7c399712a278', '2f3b71a4-b6a4-4c41-b4fe-6701e268504c', '6bf4beb8-8dfb-4d0b-ae48-15a9cac39a40', 'This helped me a lot, thanks!');
INSERT IGNORE INTO comments (id, post_id, author_id, content) VALUES ('f421498e-aa47-4782-b928-192af7369170', '09d91748-b9c5-40e2-b20b-83eb7999d012', 'e6f37759-7ee6-4120-8e46-5640252ad8d7', 'This helped me a lot, thanks!');
INSERT IGNORE INTO comments (id, post_id, author_id, content) VALUES ('d3e82b55-cba3-4fe7-ace4-49809d7ef0ab', '167d6b5e-bfd6-4f7b-92b9-c2649628f73e', '73b797e6-249b-4286-84c6-2f05fc10b546', 'Can you share your source code?');
INSERT IGNORE INTO comments (id, post_id, author_id, content) VALUES ('0d4ce029-54b5-4a10-8a8c-e862e94d5be5', 'b0e0721f-1bba-4fa3-bbdb-582e8154f7e2', '73b797e6-249b-4286-84c6-2f05fc10b546', 'This helped me a lot, thanks!');
INSERT IGNORE INTO comments (id, post_id, author_id, content) VALUES ('4166cf08-82d5-431f-ab97-cff62a80bed5', '9d403183-7023-4365-829c-4d7cc86ec6cd', 'c485789f-3d1f-49d1-9059-d638761874b0', 'Check the documentation on page 42.');
INSERT IGNORE INTO comments (id, post_id, author_id, content) VALUES ('8a589c5f-7d7f-4648-8d27-f59263bbbfd8', '2966007e-4fd8-42a4-bbf8-2059cbca928e', 'b3d635b6-bccd-45ce-a9f6-b503ee904e34', 'Thanks for the tip!');
INSERT IGNORE INTO comments (id, post_id, author_id, content) VALUES ('b0180e06-3ccb-4d90-a7aa-ed28aae5e7cc', 'f8d31489-8bf8-4536-8c76-c3c22ed25d55', 'e6f37759-7ee6-4120-8e46-5640252ad8d7', 'Great discovery!');
INSERT IGNORE INTO comments (id, post_id, author_id, content) VALUES ('974b5df6-4c97-44d0-91cd-e85282d6a068', '5b914c95-277b-40c4-8702-f783ee057f78', 'bd905d65-4960-4012-9926-e29c9a4c0356', 'Can you share your source code?');
INSERT IGNORE INTO comments (id, post_id, author_id, content) VALUES ('9d043dee-18c9-4bd9-b6ed-2445e769026b', 'f8d31489-8bf8-4536-8c76-c3c22ed25d55', '5bd131f8-39e9-4e28-b1d9-02168c3d8dfb', 'Great discovery!');
INSERT IGNORE INTO comments (id, post_id, author_id, content) VALUES ('e12f1ca3-1b6e-4428-a34d-85fee483dc80', 'd3dca059-a78e-47a2-8dd0-198d2fcddbb9', 'e6f37759-7ee6-4120-8e46-5640252ad8d7', 'I was wondering the exact same thing.');
INSERT IGNORE INTO comments (id, post_id, author_id, content) VALUES ('b6264292-a77d-4370-83ad-f06a9e7ec959', '2966007e-4fd8-42a4-bbf8-2059cbca928e', '5bd131f8-39e9-4e28-b1d9-02168c3d8dfb', 'This helped me a lot, thanks!');
INSERT IGNORE INTO comments (id, post_id, author_id, content) VALUES ('225781ff-690e-4a6a-bf63-3dc81b80c47b', 'c64b6505-c05c-48a6-ab22-33b4e06e2bab', '2cbf8a9c-d48b-4eb2-91e0-4e64adf0a46b', 'Check the documentation on page 42.');
INSERT IGNORE INTO comments (id, post_id, author_id, content) VALUES ('3481cf6a-c859-4d77-ade4-42e194a88b14', 'd3dca059-a78e-47a2-8dd0-198d2fcddbb9', 'ba9bfb27-6d6e-480d-83e5-a8bec6007247', 'This helped me a lot, thanks!');
INSERT IGNORE INTO comments (id, post_id, author_id, content) VALUES ('abb4fb65-1f55-4ce2-858f-978bdf56f8db', '745cbcb3-121e-4c4f-93cf-fdaf623b185f', '6bf4beb8-8dfb-4d0b-ae48-15a9cac39a40', 'This helped me a lot, thanks!');
INSERT IGNORE INTO comments (id, post_id, author_id, content) VALUES ('5b210e46-9660-4c6f-9acf-db0d76fcfdcd', 'ed002f63-6d4c-4ec7-bbf3-43a5b293bf82', 'cac32dc9-b759-42db-b248-3c22443a559f', 'Can you share your source code?');
INSERT IGNORE INTO comments (id, post_id, author_id, content) VALUES ('492375af-873d-4c4b-a2c9-4195d42950a8', '64c75da9-ffaf-458f-ae63-7b6be01e8847', '94cfd4ad-051d-45e2-add6-9e127ce15966', 'Thanks for the tip!');
INSERT IGNORE INTO comments (id, post_id, author_id, content) VALUES ('8467b053-8b8a-4ff6-b5fb-16df5336d091', 'd7ae2534-a09f-46ab-9776-7a676582d53a', 'bd905d65-4960-4012-9926-e29c9a4c0356', 'Can you share your source code?');
INSERT IGNORE INTO comments (id, post_id, author_id, content) VALUES ('5b313bfa-c7d0-486f-abca-ffc60e1df212', '86aa4916-3098-47bb-a1ff-9276accb9001', 'ba9bfb27-6d6e-480d-83e5-a8bec6007247', 'Check the documentation on page 42.');
INSERT IGNORE INTO comments (id, post_id, author_id, content) VALUES ('0b51f004-f06c-4840-9816-f2c0fbb8c194', 'ab51758a-efc2-4cfd-ac35-e5ac9bff9cc9', '978379b4-ec92-40a1-8e7c-a166de115b09', 'I was wondering the exact same thing.');
INSERT IGNORE INTO comments (id, post_id, author_id, content) VALUES ('178441ef-3fd3-460a-b163-b36681c3c286', '7a16a68c-5e23-47f0-b38f-e77a625fb337', '10034e90-f8dc-4d71-ae31-207bfabd491d', 'Check the documentation on page 42.');
INSERT IGNORE INTO comments (id, post_id, author_id, content) VALUES ('53b7f46e-3c5a-403a-bd07-1646075b353a', 'f8d31489-8bf8-4536-8c76-c3c22ed25d55', '4b3a0d80-0d95-4498-b6cf-41e2dcad2c1c', 'I was wondering the exact same thing.');
INSERT IGNORE INTO comments (id, post_id, author_id, content) VALUES ('95e5a147-c5b9-426a-b8e4-0bf035f1a582', '7bf8629a-336c-4a4c-9eaf-72e431e5098a', '66adf770-4847-4ac3-b7df-f9ac7a4b912f', 'Check the documentation on page 42.');
INSERT IGNORE INTO comments (id, post_id, author_id, content) VALUES ('fc15c306-277e-4589-8bee-732e0004997f', 'f8d31489-8bf8-4536-8c76-c3c22ed25d55', '41a15790-8b61-404c-87ae-68a1b1fea8dc', 'Great discovery!');
INSERT IGNORE INTO comments (id, post_id, author_id, content) VALUES ('0f8956a6-9d9e-4a40-925c-5370b8f525b5', '11c3f93f-205b-4d8e-bbfa-e02a08974276', '20c26c3b-e152-4946-b207-8aadf3e7f3b5', 'Can you share your source code?');
INSERT IGNORE INTO comments (id, post_id, author_id, content) VALUES ('bf93b90b-492f-45b2-bba8-2903262bfe32', '64c75da9-ffaf-458f-ae63-7b6be01e8847', '3bee3908-8941-4575-8d49-613a59a5c5c9', 'Thanks for the tip!');
INSERT IGNORE INTO comments (id, post_id, author_id, content) VALUES ('5002c198-2291-4e9a-a0c5-5cfd0af52b07', '2f6ad598-b648-48cd-961e-3d9ad9b260e0', 'bd905d65-4960-4012-9926-e29c9a4c0356', 'Great discovery!');
INSERT IGNORE INTO comments (id, post_id, author_id, content) VALUES ('512ce778-6d0e-4332-8872-280fe074fc8a', '0049d72f-39a3-4ee0-b11e-50eb41c13f20', '808a7df8-3ae9-4d24-9677-7a519c46e60c', 'Check the documentation on page 42.');
INSERT IGNORE INTO comments (id, post_id, author_id, content) VALUES ('5e537a87-6f5c-412b-81f6-91d76d6f9d81', '0f8e964b-b91b-4628-9548-c3708f95b1c5', '5b01c1ab-d61d-4984-8774-2535582ee8f5', 'Thanks for the tip!');
INSERT IGNORE INTO comments (id, post_id, author_id, content) VALUES ('983971e1-a54a-4e9f-bb96-5d11c3ecd36e', 'cca26a43-256d-4d2c-a5fa-2bb117dd5109', 'e38cbf99-7064-4e70-856f-9b2bdbd70837', 'Can you share your source code?');
INSERT IGNORE INTO comments (id, post_id, author_id, content) VALUES ('0a7f658f-a711-431b-803b-22b756b1fe34', 'e97845d6-fe8c-4bc8-8cc1-102c46c14358', 'e38cbf99-7064-4e70-856f-9b2bdbd70837', 'Great discovery!');
INSERT IGNORE INTO comments (id, post_id, author_id, content) VALUES ('6969a670-a8f6-4bca-a64e-fe32507e661e', 'cea3c0a0-6629-4d50-b220-26bd3e203d03', '11111111-1111-1111-1111-111111111111', 'Great discovery!');
INSERT IGNORE INTO comments (id, post_id, author_id, content) VALUES ('5e5e4f6f-4c71-4bd8-9028-c1144e10c3f0', 'c2151bc8-f0e5-4864-a49f-4008eafa717b', '73b797e6-249b-4286-84c6-2f05fc10b546', 'Check the documentation on page 42.');
INSERT IGNORE INTO comments (id, post_id, author_id, content) VALUES ('c97d32d4-1ac7-4952-b773-a53df94626ab', 'c64b6505-c05c-48a6-ab22-33b4e06e2bab', '73b797e6-249b-4286-84c6-2f05fc10b546', 'Thanks for the tip!');
INSERT IGNORE INTO comments (id, post_id, author_id, content) VALUES ('afcd0c84-6458-42cd-a667-b8d7c6c57570', '4b5cc1b6-c8d8-4d4e-8fa3-d76db81c1a78', '3bee3908-8941-4575-8d49-613a59a5c5c9', 'Can you share your source code?');
INSERT IGNORE INTO comments (id, post_id, author_id, content) VALUES ('9963ddd9-aeb0-4482-b109-85c307f87064', 'f8d31489-8bf8-4536-8c76-c3c22ed25d55', '199fff92-da95-49b0-bb3b-22c88f847ec6', 'Thanks for the tip!');
INSERT IGNORE INTO comments (id, post_id, author_id, content) VALUES ('edc741c3-4ea7-4443-b3b6-573f82e3e040', 'faa60018-22b8-4f0a-8b5f-7807c4a49252', 'b3d635b6-bccd-45ce-a9f6-b503ee904e34', 'This helped me a lot, thanks!');
INSERT IGNORE INTO comments (id, post_id, author_id, content) VALUES ('32fa0c65-f6e5-40cc-a2c5-aeeab58a1bc7', '2c9f019c-cf26-4b89-a6ed-b05028f1c5ff', '406b7a5e-a8ab-40e6-aa9c-8a814fb3724b', 'I was wondering the exact same thing.');
INSERT IGNORE INTO comments (id, post_id, author_id, content) VALUES ('8899fedb-ab6b-4511-a9eb-eee9109243ad', '7bf8629a-336c-4a4c-9eaf-72e431e5098a', '0350cd1e-ef2e-42a2-8d8c-c3cf269abccb', 'I was wondering the exact same thing.');
INSERT IGNORE INTO comments (id, post_id, author_id, content) VALUES ('fa3ca355-9169-48ec-a5a4-5a810fa6a5ee', 'b37f5ac8-d51e-4e76-9c46-c126c33d3be9', 'f33d57e4-c952-4b2c-9cc4-dde86f551410', 'Great discovery!');
INSERT IGNORE INTO comments (id, post_id, author_id, content) VALUES ('db532320-4e04-4896-be71-d0c7a7a29694', '86aa4916-3098-47bb-a1ff-9276accb9001', 'a09de67e-c5c1-464b-9574-10bca5f50ca7', 'Great discovery!');
INSERT IGNORE INTO comments (id, post_id, author_id, content) VALUES ('e4290a55-46ac-4007-b062-25c56a8f0198', 'f471c0c3-d435-4c55-bfb5-588e38d64547', 'b3d635b6-bccd-45ce-a9f6-b503ee904e34', 'I was wondering the exact same thing.');
INSERT IGNORE INTO comments (id, post_id, author_id, content) VALUES ('c707ad3a-a8d1-49bd-95c9-88a6c73a346f', '167d6b5e-bfd6-4f7b-92b9-c2649628f73e', '978379b4-ec92-40a1-8e7c-a166de115b09', 'Can you share your source code?');

-- 50+ ANNOUNCEMENTS
INSERT IGNORE INTO announcements (id, title, body, author_id) VALUES ('a6732b32-9c51-46cf-ba49-dd8e1987d3e2', 'Enrollment Deadline - Update 0', 'Please be advised regarding the enrollment deadline happening shortly. Check your CSPC emails for details.', 'bab1a9b4-a50f-4a93-9ad9-dae87e77eddc');
INSERT IGNORE INTO announcements (id, title, body, author_id) VALUES ('532a0aa9-9739-478c-943b-faa6e3a3d118', 'Midterm Schedule Released - Update 1', 'Please be advised regarding the midterm schedule released happening shortly. Check your CSPC emails for details.', '003181d2-2889-4e95-9d8f-8a1b6b41266e');
INSERT IGNORE INTO announcements (id, title, body, author_id) VALUES ('3f5159e1-88f2-4055-b8dd-ea71c287b137', 'Library Hours Extended - Update 2', 'Please be advised regarding the library hours extended happening shortly. Check your CSPC emails for details.', '50721040-81e8-4976-93d3-15b5b069492c');
INSERT IGNORE INTO announcements (id, title, body, author_id) VALUES ('f7ca712e-9c1b-49b9-a03d-595456b7bca4', 'Job Fair Next Week - Update 3', 'Please be advised regarding the job fair next week happening shortly. Check your CSPC emails for details.', 'fbdc350d-064f-4c13-940c-6d68fd47d80c');
INSERT IGNORE INTO announcements (id, title, body, author_id) VALUES ('abd5d810-c69e-49ef-9baa-853d01b797c6', 'Enrollment Deadline - Update 4', 'Please be advised regarding the enrollment deadline happening shortly. Check your CSPC emails for details.', '978379b4-ec92-40a1-8e7c-a166de115b09');
INSERT IGNORE INTO announcements (id, title, body, author_id) VALUES ('a56e84d3-143d-474c-b169-6e01045da584', 'Library Hours Extended - Update 5', 'Please be advised regarding the library hours extended happening shortly. Check your CSPC emails for details.', '11111111-1111-1111-1111-111111111111');
INSERT IGNORE INTO announcements (id, title, body, author_id) VALUES ('734c84e5-ae7c-4477-bb49-6090e24dc212', 'Campus Hackathon 2026 - Update 6', 'Please be advised regarding the campus hackathon 2026 happening shortly. Check your CSPC emails for details.', 'e6f37759-7ee6-4120-8e46-5640252ad8d7');
INSERT IGNORE INTO announcements (id, title, body, author_id) VALUES ('5c0144b9-e8da-4df5-ba53-0147b7a9f4ef', 'Enrollment Deadline - Update 7', 'Please be advised regarding the enrollment deadline happening shortly. Check your CSPC emails for details.', '66adf770-4847-4ac3-b7df-f9ac7a4b912f');
INSERT IGNORE INTO announcements (id, title, body, author_id) VALUES ('6ab7123c-6668-4a4a-a327-7220c0e3e60f', 'Enrollment Deadline - Update 8', 'Please be advised regarding the enrollment deadline happening shortly. Check your CSPC emails for details.', 'e8043f41-5edc-4168-b71e-070895e33b78');
INSERT IGNORE INTO announcements (id, title, body, author_id) VALUES ('4e3275b8-e205-446e-84e5-c251ff731a63', 'System Maintenance - Update 9', 'Please be advised regarding the system maintenance happening shortly. Check your CSPC emails for details.', 'db4d7571-cd16-4c41-b7ec-ccf2f5870cae');
INSERT IGNORE INTO announcements (id, title, body, author_id) VALUES ('c388d965-5687-41b2-9dcc-3ad506aba1df', 'Midterm Schedule Released - Update 10', 'Please be advised regarding the midterm schedule released happening shortly. Check your CSPC emails for details.', 'a9a50e80-47c4-4a27-beaa-1679a735ae73');
INSERT IGNORE INTO announcements (id, title, body, author_id) VALUES ('b9166562-f805-43ab-b9a3-d18f9d4b2c7a', 'Enrollment Deadline - Update 11', 'Please be advised regarding the enrollment deadline happening shortly. Check your CSPC emails for details.', 'e8043f41-5edc-4168-b71e-070895e33b78');
INSERT IGNORE INTO announcements (id, title, body, author_id) VALUES ('e11d71c9-816c-429d-8fb3-96a55cb5dcb1', 'Midterm Schedule Released - Update 12', 'Please be advised regarding the midterm schedule released happening shortly. Check your CSPC emails for details.', 'bd905d65-4960-4012-9926-e29c9a4c0356');
INSERT IGNORE INTO announcements (id, title, body, author_id) VALUES ('4dde2447-aff1-42a1-ab7f-d85ff323444d', 'Enrollment Deadline - Update 13', 'Please be advised regarding the enrollment deadline happening shortly. Check your CSPC emails for details.', 'd433d458-2948-4daa-b414-92b841fdf6b5');
INSERT IGNORE INTO announcements (id, title, body, author_id) VALUES ('8f8820de-3cdb-4ebf-bd6e-752284b563da', 'Midterm Schedule Released - Update 14', 'Please be advised regarding the midterm schedule released happening shortly. Check your CSPC emails for details.', '10034e90-f8dc-4d71-ae31-207bfabd491d');
INSERT IGNORE INTO announcements (id, title, body, author_id) VALUES ('141cfd07-0ac9-48e9-be5b-56e2d39a8fcd', 'System Maintenance - Update 15', 'Please be advised regarding the system maintenance happening shortly. Check your CSPC emails for details.', '4661ef2b-efe4-4751-bbda-477b8619d50a');
INSERT IGNORE INTO announcements (id, title, body, author_id) VALUES ('715969e7-3f83-40a1-a228-77a8ffebdda5', 'Campus Hackathon 2026 - Update 16', 'Please be advised regarding the campus hackathon 2026 happening shortly. Check your CSPC emails for details.', 'db4d7571-cd16-4c41-b7ec-ccf2f5870cae');
INSERT IGNORE INTO announcements (id, title, body, author_id) VALUES ('9a413c1b-0bd7-448e-8bb2-7dd7e6dba3c3', 'Midterm Schedule Released - Update 17', 'Please be advised regarding the midterm schedule released happening shortly. Check your CSPC emails for details.', 'c485789f-3d1f-49d1-9059-d638761874b0');
INSERT IGNORE INTO announcements (id, title, body, author_id) VALUES ('6f72f91b-bf19-463f-a0e0-acded0946717', 'Library Hours Extended - Update 18', 'Please be advised regarding the library hours extended happening shortly. Check your CSPC emails for details.', 'e05c9219-bff4-45a3-a3ce-049335bc8b32');
INSERT IGNORE INTO announcements (id, title, body, author_id) VALUES ('510e25bc-2c79-4c73-894d-f08ae2127aab', 'Midterm Schedule Released - Update 19', 'Please be advised regarding the midterm schedule released happening shortly. Check your CSPC emails for details.', 'e05c9219-bff4-45a3-a3ce-049335bc8b32');
INSERT IGNORE INTO announcements (id, title, body, author_id) VALUES ('089de4b4-3e8d-41fe-82bb-d469edfa5c97', 'System Maintenance - Update 20', 'Please be advised regarding the system maintenance happening shortly. Check your CSPC emails for details.', 'c485789f-3d1f-49d1-9059-d638761874b0');
INSERT IGNORE INTO announcements (id, title, body, author_id) VALUES ('3cfcedd3-f515-4fa4-b195-f165c4afcf70', 'Library Hours Extended - Update 21', 'Please be advised regarding the library hours extended happening shortly. Check your CSPC emails for details.', 'db4d7571-cd16-4c41-b7ec-ccf2f5870cae');
INSERT IGNORE INTO announcements (id, title, body, author_id) VALUES ('5847c27a-e598-4b28-964e-c5e861a19652', 'System Maintenance - Update 22', 'Please be advised regarding the system maintenance happening shortly. Check your CSPC emails for details.', '50721040-81e8-4976-93d3-15b5b069492c');
INSERT IGNORE INTO announcements (id, title, body, author_id) VALUES ('6d9abcdb-d02d-41ee-8068-de49f50182bd', 'Enrollment Deadline - Update 23', 'Please be advised regarding the enrollment deadline happening shortly. Check your CSPC emails for details.', '808a7df8-3ae9-4d24-9677-7a519c46e60c');
INSERT IGNORE INTO announcements (id, title, body, author_id) VALUES ('1ddc809d-d2e4-4601-a54d-ec09f5d83f2a', 'Campus Hackathon 2026 - Update 24', 'Please be advised regarding the campus hackathon 2026 happening shortly. Check your CSPC emails for details.', '4e889f9e-ef49-478a-86ad-2c519a2cd729');
INSERT IGNORE INTO announcements (id, title, body, author_id) VALUES ('9069af23-2e80-4f3e-af9a-c97ce023e8b4', 'Job Fair Next Week - Update 25', 'Please be advised regarding the job fair next week happening shortly. Check your CSPC emails for details.', '6566fac3-5316-4f7d-a8dc-da9868447607');
INSERT IGNORE INTO announcements (id, title, body, author_id) VALUES ('82748335-7906-4cee-bc7f-2496808a61ea', 'Campus Hackathon 2026 - Update 26', 'Please be advised regarding the campus hackathon 2026 happening shortly. Check your CSPC emails for details.', '690e8ffb-70ab-40a1-b07b-7b1f0e713719');
INSERT IGNORE INTO announcements (id, title, body, author_id) VALUES ('7598f020-9680-4966-b10c-57c2318ababe', 'Job Fair Next Week - Update 27', 'Please be advised regarding the job fair next week happening shortly. Check your CSPC emails for details.', 'd6d00fdb-0fb2-4c1c-aad1-4fdc571745a5');
INSERT IGNORE INTO announcements (id, title, body, author_id) VALUES ('aca6815e-27bc-4c63-a188-777ccea6e9e9', 'Enrollment Deadline - Update 28', 'Please be advised regarding the enrollment deadline happening shortly. Check your CSPC emails for details.', '50721040-81e8-4976-93d3-15b5b069492c');
INSERT IGNORE INTO announcements (id, title, body, author_id) VALUES ('8d8b5a6b-853b-40b5-bedd-ebde70c8028f', 'Midterm Schedule Released - Update 29', 'Please be advised regarding the midterm schedule released happening shortly. Check your CSPC emails for details.', '1367e907-ef33-4de7-b1fc-ce54c3ef3804');
INSERT IGNORE INTO announcements (id, title, body, author_id) VALUES ('0592aab7-c68f-46d4-a847-53f030852a73', 'Enrollment Deadline - Update 30', 'Please be advised regarding the enrollment deadline happening shortly. Check your CSPC emails for details.', '5d6cfb44-842f-443f-ad9c-80cb8fc444a4');
INSERT IGNORE INTO announcements (id, title, body, author_id) VALUES ('c02e0ec6-abac-4c82-ae7e-471a53bda681', 'Library Hours Extended - Update 31', 'Please be advised regarding the library hours extended happening shortly. Check your CSPC emails for details.', '5bd131f8-39e9-4e28-b1d9-02168c3d8dfb');
INSERT IGNORE INTO announcements (id, title, body, author_id) VALUES ('6096cd56-dbfc-4e0a-99ad-bc365d68df67', 'Job Fair Next Week - Update 32', 'Please be advised regarding the job fair next week happening shortly. Check your CSPC emails for details.', 'b3d635b6-bccd-45ce-a9f6-b503ee904e34');
INSERT IGNORE INTO announcements (id, title, body, author_id) VALUES ('285dfd7e-19bf-41d1-a4ac-61441a6025ae', 'System Maintenance - Update 33', 'Please be advised regarding the system maintenance happening shortly. Check your CSPC emails for details.', '4e889f9e-ef49-478a-86ad-2c519a2cd729');
INSERT IGNORE INTO announcements (id, title, body, author_id) VALUES ('3efacf4e-5de7-4043-aa42-6ace2c974895', 'System Maintenance - Update 34', 'Please be advised regarding the system maintenance happening shortly. Check your CSPC emails for details.', 'bd905d65-4960-4012-9926-e29c9a4c0356');
INSERT IGNORE INTO announcements (id, title, body, author_id) VALUES ('0209af5b-f7e3-40a6-aa70-794adc997998', 'Midterm Schedule Released - Update 35', 'Please be advised regarding the midterm schedule released happening shortly. Check your CSPC emails for details.', '4e889f9e-ef49-478a-86ad-2c519a2cd729');
INSERT IGNORE INTO announcements (id, title, body, author_id) VALUES ('4ec03b69-97cb-48de-83bb-f61cbddb2b5a', 'Midterm Schedule Released - Update 36', 'Please be advised regarding the midterm schedule released happening shortly. Check your CSPC emails for details.', '690e8ffb-70ab-40a1-b07b-7b1f0e713719');
INSERT IGNORE INTO announcements (id, title, body, author_id) VALUES ('7263a9e4-5a3c-4615-9b50-adedad9633ba', 'Campus Hackathon 2026 - Update 37', 'Please be advised regarding the campus hackathon 2026 happening shortly. Check your CSPC emails for details.', '73b797e6-249b-4286-84c6-2f05fc10b546');
INSERT IGNORE INTO announcements (id, title, body, author_id) VALUES ('910727f5-3aeb-4014-8572-1a318dcd0ab3', 'Midterm Schedule Released - Update 38', 'Please be advised regarding the midterm schedule released happening shortly. Check your CSPC emails for details.', '20c26c3b-e152-4946-b207-8aadf3e7f3b5');
INSERT IGNORE INTO announcements (id, title, body, author_id) VALUES ('24a2b025-26f2-4c42-9fd2-714b921b4a0d', 'System Maintenance - Update 39', 'Please be advised regarding the system maintenance happening shortly. Check your CSPC emails for details.', '5d6cfb44-842f-443f-ad9c-80cb8fc444a4');
INSERT IGNORE INTO announcements (id, title, body, author_id) VALUES ('1efb5841-f571-4a1f-abb9-3d676b419d6e', 'Campus Hackathon 2026 - Update 40', 'Please be advised regarding the campus hackathon 2026 happening shortly. Check your CSPC emails for details.', 'b3d635b6-bccd-45ce-a9f6-b503ee904e34');
INSERT IGNORE INTO announcements (id, title, body, author_id) VALUES ('41c6ff02-737c-4a19-8548-283b7d61c10a', 'Campus Hackathon 2026 - Update 41', 'Please be advised regarding the campus hackathon 2026 happening shortly. Check your CSPC emails for details.', 'deb1e884-25c8-46b8-bff0-1fc169344b4d');
INSERT IGNORE INTO announcements (id, title, body, author_id) VALUES ('4125a1ba-66b3-41cf-aeb7-96426d8cce71', 'System Maintenance - Update 42', 'Please be advised regarding the system maintenance happening shortly. Check your CSPC emails for details.', 'e6f37759-7ee6-4120-8e46-5640252ad8d7');
INSERT IGNORE INTO announcements (id, title, body, author_id) VALUES ('cd3934b7-5e79-43e5-9f4d-a05a2f4fe1f7', 'Midterm Schedule Released - Update 43', 'Please be advised regarding the midterm schedule released happening shortly. Check your CSPC emails for details.', 'd3e6e14c-5c7f-43c4-91ce-09c1adf95475');
INSERT IGNORE INTO announcements (id, title, body, author_id) VALUES ('fd6aed50-8d5b-4d2b-96a5-8f83277dfaf7', 'Job Fair Next Week - Update 44', 'Please be advised regarding the job fair next week happening shortly. Check your CSPC emails for details.', '11111111-1111-1111-1111-111111111111');
INSERT IGNORE INTO announcements (id, title, body, author_id) VALUES ('ce29f50f-a32f-4b87-973f-dfa3b313a4ed', 'Campus Hackathon 2026 - Update 45', 'Please be advised regarding the campus hackathon 2026 happening shortly. Check your CSPC emails for details.', 'c479c295-d87c-45ef-90f3-3cdef97cc7df');
INSERT IGNORE INTO announcements (id, title, body, author_id) VALUES ('980a360d-503c-4dfc-accf-beea1949bb06', 'System Maintenance - Update 46', 'Please be advised regarding the system maintenance happening shortly. Check your CSPC emails for details.', 'e38cbf99-7064-4e70-856f-9b2bdbd70837');
INSERT IGNORE INTO announcements (id, title, body, author_id) VALUES ('b786b76c-6c54-45d7-8b2a-41eeea0b684e', 'System Maintenance - Update 47', 'Please be advised regarding the system maintenance happening shortly. Check your CSPC emails for details.', '2cbf8a9c-d48b-4eb2-91e0-4e64adf0a46b');
INSERT IGNORE INTO announcements (id, title, body, author_id) VALUES ('561f322f-be41-44bb-899a-4f3d9d09133c', 'Job Fair Next Week - Update 48', 'Please be advised regarding the job fair next week happening shortly. Check your CSPC emails for details.', '406b7a5e-a8ab-40e6-aa9c-8a814fb3724b');
INSERT IGNORE INTO announcements (id, title, body, author_id) VALUES ('3706ceaa-e13d-4874-9af3-3674b955938f', 'Job Fair Next Week - Update 49', 'Please be advised regarding the job fair next week happening shortly. Check your CSPC emails for details.', '1367e907-ef33-4de7-b1fc-ce54c3ef3804');
INSERT IGNORE INTO announcements (id, title, body, author_id) VALUES ('c2d84383-2d54-492f-903c-c818b6d88656', 'Midterm Schedule Released - Update 50', 'Please be advised regarding the midterm schedule released happening shortly. Check your CSPC emails for details.', 'd433d458-2948-4daa-b414-92b841fdf6b5');
INSERT IGNORE INTO announcements (id, title, body, author_id) VALUES ('a672ca11-cb1e-4d5a-a936-e3e91266e8dc', 'Job Fair Next Week - Update 51', 'Please be advised regarding the job fair next week happening shortly. Check your CSPC emails for details.', 'd6d00fdb-0fb2-4c1c-aad1-4fdc571745a5');
INSERT IGNORE INTO announcements (id, title, body, author_id) VALUES ('015f5b25-2fdf-442c-993a-1fda1d40e952', 'Enrollment Deadline - Update 52', 'Please be advised regarding the enrollment deadline happening shortly. Check your CSPC emails for details.', '3346ea51-1be5-402c-8349-4dbd0bd4117f');
INSERT IGNORE INTO announcements (id, title, body, author_id) VALUES ('1fd87076-2f53-48ee-8c55-cb81dba9173d', 'Campus Hackathon 2026 - Update 53', 'Please be advised regarding the campus hackathon 2026 happening shortly. Check your CSPC emails for details.', '2cbf8a9c-d48b-4eb2-91e0-4e64adf0a46b');
INSERT IGNORE INTO announcements (id, title, body, author_id) VALUES ('4bc4f05a-fb2c-4317-90b1-ace6b33cf256', 'Midterm Schedule Released - Update 54', 'Please be advised regarding the midterm schedule released happening shortly. Check your CSPC emails for details.', '73b797e6-249b-4286-84c6-2f05fc10b546');

-- 50+ CHAT MESSAGES
INSERT IGNORE INTO chat_messages (id, user_id, message) VALUES ('d5f450bc-5fa6-4949-9417-b1e96c08f0a4', '978379b4-ec92-40a1-8e7c-a166de115b09', 'Can someone send the link?');
INSERT IGNORE INTO chat_messages (id, user_id, message) VALUES ('0b9223d0-1511-45fa-98ba-75319bdbd4f1', 'a09de67e-c5c1-464b-9574-10bca5f50ca7', 'Hey everyone!');
INSERT IGNORE INTO chat_messages (id, user_id, message) VALUES ('e92ba528-118d-4863-9fd5-a4526be51f8c', 'e6f37759-7ee6-4120-8e46-5640252ad8d7', 'Good luck on finals!');
INSERT IGNORE INTO chat_messages (id, user_id, message) VALUES ('d5c2acfd-b0eb-4b53-bdff-cbdb88e0b4f8', 'deb1e884-25c8-46b8-bff0-1fc169344b4d', 'I need coffee.');
INSERT IGNORE INTO chat_messages (id, user_id, message) VALUES ('b3e33a82-be56-4bb0-bd89-82be2d9c99e6', '808a7df8-3ae9-4d24-9677-7a519c46e60c', 'Good luck on finals!');
INSERT IGNORE INTO chat_messages (id, user_id, message) VALUES ('1af92972-c1f6-42df-b7b5-bef388ac69df', '6bf4beb8-8dfb-4d0b-ae48-15a9cac39a40', 'I need coffee.');
INSERT IGNORE INTO chat_messages (id, user_id, message) VALUES ('80b41670-5f1b-4b20-b22a-38d7b37ce058', '10034e90-f8dc-4d71-ae31-207bfabd491d', 'Has anyone finished the IM1 project?');
INSERT IGNORE INTO chat_messages (id, user_id, message) VALUES ('6131a349-507e-4958-88b0-ae032f63dc97', '3453125d-38ad-48b4-ba30-2e9d8ed6aba1', 'Can someone send the link?');
INSERT IGNORE INTO chat_messages (id, user_id, message) VALUES ('fc5856f6-9073-4dcc-945a-8b6c12680db0', 'deb1e884-25c8-46b8-bff0-1fc169344b4d', 'Hey everyone!');
INSERT IGNORE INTO chat_messages (id, user_id, message) VALUES ('7ef365d5-7ee8-42d6-9ec8-108a6d179f2e', '3fa79820-d1c1-4f98-92cd-bb1adbb620f1', 'Can someone send the link?');
INSERT IGNORE INTO chat_messages (id, user_id, message) VALUES ('441b4a17-0747-4c5e-888d-5303e6f6264a', 'e8043f41-5edc-4168-b71e-070895e33b78', 'Wait, what time is the meeting?');
INSERT IGNORE INTO chat_messages (id, user_id, message) VALUES ('27db251b-d369-4c6f-8787-e55562ebf652', 'fbdc350d-064f-4c13-940c-6d68fd47d80c', 'Hey everyone!');
INSERT IGNORE INTO chat_messages (id, user_id, message) VALUES ('22c5c8d5-656a-4a66-891f-bda239995ba9', 'c479c295-d87c-45ef-90f3-3cdef97cc7df', 'Wait, what time is the meeting?');
INSERT IGNORE INTO chat_messages (id, user_id, message) VALUES ('7219d045-f363-48c3-98a9-b5a0be8941b0', 'e05c9219-bff4-45a3-a3ce-049335bc8b32', 'See you at the Base Camp.');
INSERT IGNORE INTO chat_messages (id, user_id, message) VALUES ('e164be6f-aceb-49ef-9852-50375164270b', '66adf770-4847-4ac3-b7df-f9ac7a4b912f', 'Good luck on finals!');
INSERT IGNORE INTO chat_messages (id, user_id, message) VALUES ('300a3232-d974-4949-b1cf-116d4f089990', 'db4d7571-cd16-4c41-b7ec-ccf2f5870cae', 'Wait, what time is the meeting?');
INSERT IGNORE INTO chat_messages (id, user_id, message) VALUES ('10253212-9482-4f6d-869b-fcd7994617f9', '20e72788-4979-4703-906a-472310e7dfea', 'Hey everyone!');
INSERT IGNORE INTO chat_messages (id, user_id, message) VALUES ('ec3bd3c3-a2d3-4dd1-adbb-627c47f6fe0a', '003181d2-2889-4e95-9d8f-8a1b6b41266e', 'Hey everyone!');
INSERT IGNORE INTO chat_messages (id, user_id, message) VALUES ('954e2354-03f7-442d-89e6-19adb785ba3a', '20c26c3b-e152-4946-b207-8aadf3e7f3b5', 'Hey everyone!');
INSERT IGNORE INTO chat_messages (id, user_id, message) VALUES ('53ed6e0b-d4a5-45f5-b2f2-ee510aee2cdb', '94cfd4ad-051d-45e2-add6-9e127ce15966', 'Good luck on finals!');
INSERT IGNORE INTO chat_messages (id, user_id, message) VALUES ('5d12da0d-bce1-406e-8c6f-69616080843d', 'b3d635b6-bccd-45ce-a9f6-b503ee904e34', 'Wait, what time is the meeting?');
INSERT IGNORE INTO chat_messages (id, user_id, message) VALUES ('b122e719-8874-48be-972d-f4dd815bb916', '66adf770-4847-4ac3-b7df-f9ac7a4b912f', 'Has anyone finished the IM1 project?');
INSERT IGNORE INTO chat_messages (id, user_id, message) VALUES ('44d57fee-d484-47ac-ba63-608722d5e24b', '808a7df8-3ae9-4d24-9677-7a519c46e60c', 'Good luck on finals!');
INSERT IGNORE INTO chat_messages (id, user_id, message) VALUES ('d91d3b34-d208-486d-a38d-dfed991d3241', '94cfd4ad-051d-45e2-add6-9e127ce15966', 'I need coffee.');
INSERT IGNORE INTO chat_messages (id, user_id, message) VALUES ('355ca64a-c383-4c09-b147-99ac282f6074', '4b3a0d80-0d95-4498-b6cf-41e2dcad2c1c', 'Can someone send the link?');
INSERT IGNORE INTO chat_messages (id, user_id, message) VALUES ('ced8d7d0-b1f8-43df-b583-c6da2dae5c0b', '50721040-81e8-4976-93d3-15b5b069492c', 'Wait, what time is the meeting?');
INSERT IGNORE INTO chat_messages (id, user_id, message) VALUES ('6a635588-951f-43d2-be60-24bfb04516ea', '003181d2-2889-4e95-9d8f-8a1b6b41266e', 'Wait, what time is the meeting?');
INSERT IGNORE INTO chat_messages (id, user_id, message) VALUES ('5caf8889-1287-4adf-a017-ec7fe3fd6908', '4661ef2b-efe4-4751-bbda-477b8619d50a', 'Good luck on finals!');
INSERT IGNORE INTO chat_messages (id, user_id, message) VALUES ('2c29d2b6-8eb4-40a0-b841-18a3449d97b7', '3fa79820-d1c1-4f98-92cd-bb1adbb620f1', 'See you at the Base Camp.');
INSERT IGNORE INTO chat_messages (id, user_id, message) VALUES ('4d83bf05-0ad4-4367-8078-0da681423a06', 'a09de67e-c5c1-464b-9574-10bca5f50ca7', 'I need coffee.');
INSERT IGNORE INTO chat_messages (id, user_id, message) VALUES ('f651d059-651a-42b0-8367-b072d94db75a', '978379b4-ec92-40a1-8e7c-a166de115b09', 'Can someone send the link?');
INSERT IGNORE INTO chat_messages (id, user_id, message) VALUES ('5b70043f-eefd-43ee-8ab8-e37ae057fb8a', '3346ea51-1be5-402c-8349-4dbd0bd4117f', 'Can someone send the link?');
INSERT IGNORE INTO chat_messages (id, user_id, message) VALUES ('0c188d30-1e23-4255-ad13-218554e004a8', '91977d32-7d09-4bfe-aab6-432635df322b', 'Has anyone finished the IM1 project?');
INSERT IGNORE INTO chat_messages (id, user_id, message) VALUES ('74539de1-59f4-4658-a6a8-2f6f9a371b3a', 'bab1a9b4-a50f-4a93-9ad9-dae87e77eddc', 'I need coffee.');
INSERT IGNORE INTO chat_messages (id, user_id, message) VALUES ('26b3bb58-2bd2-4bed-986b-b7505b388788', '2cbf8a9c-d48b-4eb2-91e0-4e64adf0a46b', 'I need coffee.');
INSERT IGNORE INTO chat_messages (id, user_id, message) VALUES ('9b0bd1a9-c1ce-476c-8fc3-1ab26ad1fd1e', '6bf4beb8-8dfb-4d0b-ae48-15a9cac39a40', 'See you at the Base Camp.');
INSERT IGNORE INTO chat_messages (id, user_id, message) VALUES ('e920926e-63f8-48b1-be4e-039f46e3498d', 'd433d458-2948-4daa-b414-92b841fdf6b5', 'I need coffee.');
INSERT IGNORE INTO chat_messages (id, user_id, message) VALUES ('f6c3d806-f68f-40f5-83fd-fe1e49251238', '7ee9f6b6-5242-4402-ad19-35de2353c907', 'See you at the Base Camp.');
INSERT IGNORE INTO chat_messages (id, user_id, message) VALUES ('3b5beab4-ed0a-4e19-aa46-b421a152f951', 'b3d635b6-bccd-45ce-a9f6-b503ee904e34', 'Hey everyone!');
INSERT IGNORE INTO chat_messages (id, user_id, message) VALUES ('fbdd2b31-3721-4f93-b6ab-47aea5e12ec8', '690e8ffb-70ab-40a1-b07b-7b1f0e713719', 'See you at the Base Camp.');
INSERT IGNORE INTO chat_messages (id, user_id, message) VALUES ('6e58c5f5-cd20-47ee-a262-d086674df716', 'cac32dc9-b759-42db-b248-3c22443a559f', 'Good luck on finals!');
INSERT IGNORE INTO chat_messages (id, user_id, message) VALUES ('5a57ec7f-6288-447c-9e33-73705a53688e', '4661ef2b-efe4-4751-bbda-477b8619d50a', 'Can someone send the link?');
INSERT IGNORE INTO chat_messages (id, user_id, message) VALUES ('8ea29a07-3616-443e-a942-7126df07aedd', '7ee9f6b6-5242-4402-ad19-35de2353c907', 'Wait, what time is the meeting?');
INSERT IGNORE INTO chat_messages (id, user_id, message) VALUES ('962435db-f570-4544-8d0c-04f86ad1d98c', 'db4d7571-cd16-4c41-b7ec-ccf2f5870cae', 'Wait, what time is the meeting?');
INSERT IGNORE INTO chat_messages (id, user_id, message) VALUES ('7eaabd75-a5cd-47d1-a586-b8e374958ce5', '4b3a0d80-0d95-4498-b6cf-41e2dcad2c1c', 'Good luck on finals!');
INSERT IGNORE INTO chat_messages (id, user_id, message) VALUES ('b01cc13c-75e8-4aaa-877c-2e6e1cf58b2c', '20c26c3b-e152-4946-b207-8aadf3e7f3b5', 'See you at the Base Camp.');
INSERT IGNORE INTO chat_messages (id, user_id, message) VALUES ('071414c5-2b5b-4cc8-a937-20b00ee1d880', '20e72788-4979-4703-906a-472310e7dfea', 'Wait, what time is the meeting?');
INSERT IGNORE INTO chat_messages (id, user_id, message) VALUES ('45936857-9dbd-48a2-be34-35ae27c26c81', '6566fac3-5316-4f7d-a8dc-da9868447607', 'I need coffee.');
INSERT IGNORE INTO chat_messages (id, user_id, message) VALUES ('90cd786b-a192-4e12-98b9-80d50033b571', '3453125d-38ad-48b4-ba30-2e9d8ed6aba1', 'Can someone send the link?');
INSERT IGNORE INTO chat_messages (id, user_id, message) VALUES ('438d5208-1f98-4da2-8bb9-050543cae4a9', 'c485789f-3d1f-49d1-9059-d638761874b0', 'See you at the Base Camp.');
INSERT IGNORE INTO chat_messages (id, user_id, message) VALUES ('0c66e822-9b5a-4094-a376-b46cd1789696', '20c26c3b-e152-4946-b207-8aadf3e7f3b5', 'I need coffee.');
INSERT IGNORE INTO chat_messages (id, user_id, message) VALUES ('9ea6f87a-2652-4837-a27f-d42c20209f72', '4e889f9e-ef49-478a-86ad-2c519a2cd729', 'Can someone send the link?');
INSERT IGNORE INTO chat_messages (id, user_id, message) VALUES ('b85929dc-141d-4a6c-9210-4529e21327ac', '5d6cfb44-842f-443f-ad9c-80cb8fc444a4', 'See you at the Base Camp.');
INSERT IGNORE INTO chat_messages (id, user_id, message) VALUES ('e6752869-a162-4bf4-92b3-23be48a2a939', '3346ea51-1be5-402c-8349-4dbd0bd4117f', 'See you at the Base Camp.');
INSERT IGNORE INTO chat_messages (id, user_id, message) VALUES ('92cda443-da60-47fc-8371-9ed22009d3a2', 'db4d7571-cd16-4c41-b7ec-ccf2f5870cae', 'Hey everyone!');
